Time(in seconds),Queue Density,Dynamic Density,
1,0.0745972,0,
2,0.0741857,0,
3,0.0760118,0,
4,0.0784767,0,
5,0.0803616,0,
6,0.082803,0,
7,0.0828618,0,
8,0.0833163,0,
9,0.0825404,0,
10,0.0825326,0,
11,0.0830107,0,
12,0.083093,0,
13,0.0852522,0,
14,0.0859223,0,
15,0.0868119,0,
16,0.0881873,0,
17,0.0883519,0,
18,0.0890612,0,
19,0.0887634,0,
20,0.0892141,0,
21,0.090229,0,
22,0.0911146,0,
23,0.0910637,0,
24,0.0921335,0,
25,0.0942496,0,
26,0.0954488,0,
27,0.0967733,0,
28,0.0988111,0,
29,0.0992108,0,
30,0.100085,0,
31,0.100359,0,
32,0.100308,0,
33,0.100343,0,
34,0.100739,0,
35,0.101245,0,
36,0.101558,0,
37,0.101962,0,
38,0.102256,0,
39,0.102228,0,
40,0.102875,0,
41,0.102436,0,
42,0.103372,0,
43,0.103678,0,
44,0.104427,0,
45,0.104235,0,
46,0.10463,0,
47,0.104481,0,
48,0.104023,0,
49,0.104031,0,
50,0.104027,0,
51,0.104144,0,
52,0.104227,0,
53,0.104368,0,
54,0.104991,0,
55,0.105614,0,
56,0.105967,0,
57,0.105665,0,
58,0.105344,0,
59,0.106037,0,
60,0.106304,0,
61,0.105771,0,
62,0.105269,0,
63,0.10554,0,
64,0.106006,0,
65,0.106884,0,
66,0.107699,0,
67,0.107765,0,
68,0.108714,0,
69,0.106837,0,
70,0.107569,0,
71,0.108604,0,
72,0.109478,0,
73,0.110414,0,
74,0.110712,0,
75,0.111935,0,
76,0.112182,0,
77,0.112672,0,
78,0.112962,0,
79,0.115873,0,
80,0.117288,0,
81,0.119757,0,
82,0.121994,0,
83,0.123719,0,
84,0.128523,0,
85,0.132751,0,
86,0.134793,0,
87,0.139268,0,
88,0.142803,0,
89,0.144272,0,
90,0.146004,0,
91,0.147889,0,
92,0.148215,0,
93,0.149159,0,
94,0.147533,0,
95,0.147772,0,
96,0.148493,0,
97,0.149402,0,
98,0.14986,0,
99,0.150092,0,
100,0.150879,0,
101,0.152184,0,
102,0.153336,0,
103,0.153458,0,
104,0.153513,0,
105,0.152788,0,
106,0.152956,0,
107,0.154057,0,
108,0.156746,0,
109,0.159332,0,
110,0.161715,0,
111,0.164983,0,
112,0.168094,0,
113,0.169791,0,
114,0.171284,0,
115,0.172456,0,
116,0.173443,0,
117,0.174635,0,
118,0.17465,0,
119,0.174815,0,
120,0.174627,0,
121,0.174368,0,
122,0.174482,0,
123,0.174435,0,
124,0.174878,0,
125,0.174901,0,
126,0.175262,0,
127,0.17594,0,
128,0.17681,0,
129,0.177586,0,
130,0.178945,0,
131,0.179784,0,
132,0.180713,0,
133,0.181375,0,
134,0.182076,0,
135,0.182531,0,
136,0.18333,0,
137,0.183977,0,
138,0.185106,0,
139,0.185874,0,
140,0.185956,0,
141,0.185161,0,
142,0.185815,0,
143,0.185666,0,
144,0.184941,0,
145,0.185619,0,
146,0.186352,0,
147,0.185117,0,
148,0.184396,0,
149,0.184251,0,
150,0.183852,0,
151,0.18266,0,
152,0.182531,0,
153,0.181363,0,
154,0.18054,0,
155,0.179721,0,
156,0.178044,0,
157,0.176622,0,
158,0.175889,0,
159,0.175501,0,
160,0.175313,0,
161,0.174756,0,
162,0.17371,0,
163,0.172679,0,
164,0.172491,0,
165,0.17224,0,
166,0.171786,0,
167,0.171178,0,
168,0.170971,0,
169,0.170551,0,
170,0.170101,0,
171,0.169544,0,
172,0.168859,0,
173,0.168435,0,
174,0.168322,0,
175,0.167926,0,
176,0.167479,0,
177,0.167013,0,
178,0.16706,0,
179,0.167021,0,
180,0.167373,0,
181,0.166805,0,
182,0.166883,0,
183,0.167017,0,
184,0.167115,0,
185,0.166633,0,
186,0.165919,0,
187,0.165351,0,
188,0.16568,0,
189,0.165927,0,
190,0.166162,0,
191,0.165888,0,
192,0.165555,0,
193,0.165582,0,
194,0.166127,0,
195,0.166123,0,
196,0.166539,0,
197,0.166668,0,
198,0.166437,0,
199,0.166233,0,
200,0.166307,0,
201,0.166452,0,
202,0.166946,0,
203,0.167162,0,
204,0.167463,0,
205,0.167166,0,
206,0.167056,0,
207,0.167052,0,
208,0.166883,0,
209,0.167213,0,
210,0.167812,0,
211,0.168028,0,
212,0.167808,0,
213,0.167362,0,
214,0.16735,0,
215,0.167123,0,
216,0.166531,0,
217,0.166672,0,
218,0.166762,0,
219,0.168259,0,
220,0.168282,0,
221,0.16849,0,
222,0.168282,0,
223,0.168204,0,
224,0.167949,0,
225,0.167891,0,
226,0.168004,0,
227,0.167914,0,
228,0.167996,0,
229,0.168235,0,
230,0.168157,0,
231,0.16804,0,
232,0.168447,0,
233,0.168784,0,
234,0.169176,0,
235,0.169043,0,
236,0.168714,0,
237,0.168267,0,
238,0.166774,0,
239,0.166002,0,
240,0.165955,0,
241,0.166484,0,
242,0.166323,0,
243,0.166848,0,
244,0.164086,0,
245,0.164407,0,
246,0.164955,0,
247,0.165144,0,
248,0.164477,0,
249,0.164376,0,
250,0.164246,0,
251,0.164133,0,
252,0.163909,0,
253,0.163792,0,
254,0.163713,0,
255,0.164125,0,
256,0.164258,0,
257,0.164109,0,
258,0.164238,0,
259,0.16418,0,
260,0.16447,0,
261,0.164231,0,
262,0.16445,0,
263,0.164595,0,
264,0.164665,0,
265,0.164372,0,
266,0.164387,0,
267,0.164305,0,
268,0.164266,0,
269,0.163455,0,
270,0.163494,0,
271,0.163282,0,
272,0.163027,0,
273,0.163153,0,
274,0.163709,0,
275,0.163588,0,
276,0.163756,0,
277,0.163933,0,
278,0.163776,0,
279,0.164434,0,
280,0.165473,0,
281,0.166155,0,
282,0.166974,0,
283,0.167671,0,
284,0.168047,0,
285,0.168749,0,
286,0.169317,0,
287,0.168655,0,
288,0.167706,0,
289,0.166527,0,
290,0.165994,0,
291,0.1651,0,
292,0.163999,0,
293,0.163619,0,
294,0.162879,0,
295,0.162134,0,
296,0.162067,0,
297,0.161566,0,
298,0.161468,0,
299,0.161558,0,
300,0.161766,0,
301,0.161805,0,
302,0.161284,0,
303,0.161534,0,
304,0.16184,0,
305,0.162087,0,
306,0.16231,0,
307,0.163133,0,
308,0.162977,0,
309,0.162726,0,
310,0.164297,0,
311,0.164662,0,
312,0.164564,0,
313,0.16521,0,
314,0.165524,0,
315,0.166198,0,
316,0.166143,0,
317,0.16601,0,
318,0.165363,0,
319,0.165328,0,
320,0.1655,0,
321,0.166017,0,
322,0.166123,0,
323,0.166088,0,
324,0.166452,0,
325,0.166731,0,
326,0.166684,0,
327,0.166652,0,
328,0.166648,0,
329,0.166594,0,
330,0.166778,0,
331,0.166648,0,
332,0.166656,0,
333,0.166735,0,
334,0.166425,0,
335,0.166413,0,
336,0.166535,0,
337,0.166499,0,
338,0.166864,0,
339,0.167514,0,
340,0.167855,0,
341,0.168604,0,
342,0.169321,0,
343,0.170058,0,
344,0.168678,0,
345,0.16929,0,
346,0.170818,0,
347,0.171171,0,
348,0.170892,0,
349,0.170587,0,
350,0.170116,0,
351,0.169521,0,
352,0.169203,0,
353,0.169192,0,
354,0.16925,0,
355,0.169486,0,
356,0.169619,0,
357,0.16974,0,
358,0.169595,0,
359,0.169587,0,
360,0.169799,0,
361,0.169752,0,
362,0.169956,0,
363,0.169874,0,
364,0.169693,0,
365,0.169611,0,
366,0.169454,0,
367,0.169364,0,
368,0.169364,0,
369,0.169987,0,
370,0.169752,0,
371,0.169681,0,
372,0.169823,0,
373,0.16945,0,
374,0.169388,0,
375,0.169364,0,
376,0.16927,0,
377,0.169474,0,
378,0.169105,0,
379,0.168804,0,
380,0.169172,0,
381,0.169192,0,
382,0.169192,0,
383,0.169956,0,
384,0.171374,0,
385,0.172824,0,
386,0.173009,0,
387,0.1736,0,
388,0.174909,0,
389,0.176065,0,
390,0.177644,0,
391,0.178902,0,
392,0.179686,0,
393,0.180435,0,
394,0.181849,0,
395,0.182163,0,
396,0.183048,0,
397,0.183456,0,
398,0.183789,0,
399,0.184224,0,
400,0.184784,0,
401,0.184961,0,
402,0.185619,0,
403,0.186313,0,
404,0.186661,0,
405,0.1875,0,
406,0.189624,0,
407,0.190933,0,
408,0.193911,0,
409,0.19687,0,
410,0.198253,0,
411,0.20062,0,
412,0.204476,0,
413,0.206714,0,
414,0.210707,0,
415,0.215021,0,
416,0.216867,0,
417,0.220766,0,
418,0.224105,0,
419,0.220907,0,
420,0.22394,0,
421,0.227385,0,
422,0.229407,0,
423,0.234541,0,
424,0.239839,0,
425,0.241637,0,
426,0.246007,0,
427,0.249753,0,
428,0.250901,0,
429,0.254287,0,
430,0.258202,0,
431,0.259479,0,
432,0.263516,0,
433,0.266173,0,
434,0.268073,0,
435,0.27187,0,
436,0.275135,0,
437,0.275527,0,
438,0.277878,0,
439,0.280041,0,
440,0.280492,0,
441,0.282953,0,
442,0.285057,0,
443,0.285841,0,
444,0.285586,0,
445,0.288623,0,
446,0.289842,0,
447,0.292534,0,
448,0.294768,0,
449,0.294619,0,
450,0.296049,0,
451,0.29757,0,
452,0.297781,0,
453,0.299599,0,
454,0.30168,0,
455,0.302531,0,
456,0.304047,0,
457,0.305431,0,
458,0.30574,0,
459,0.30621,0,
460,0.307143,0,
461,0.306998,0,
462,0.30804,0,
463,0.30795,0,
464,0.308205,0,
465,0.308103,0,
466,0.308291,0,
467,0.307876,0,
468,0.308052,0,
469,0.31194,0,
470,0.312281,0,
471,0.312116,0,
472,0.312026,0,
473,0.311626,0,
474,0.311795,0,
475,0.311125,0,
476,0.310349,0,
477,0.310341,0,
478,0.309902,0,
479,0.309757,0,
480,0.30998,0,
481,0.309729,0,
482,0.308969,0,
483,0.309886,0,
484,0.309608,0,
485,0.309345,0,
486,0.30953,0,
487,0.309228,0,
488,0.309142,0,
489,0.308029,0,
490,0.308127,0,
491,0.307578,0,
492,0.307547,0,
493,0.307167,0,
494,0.306007,0,
495,0.305975,0,
496,0.306579,0,
497,0.30621,0,
498,0.306144,0,
499,0.308044,0,
500,0.309212,0,
501,0.313299,0,
502,0.317802,0,
503,0.319789,0,
504,0.324205,0,
505,0.327321,0,
506,0.32919,0,
507,0.334617,0,
508,0.339484,0,
509,0.342565,0,
510,0.347063,0,
511,0.349838,0,
512,0.351605,0,
513,0.353917,0,
514,0.356445,0,
515,0.357499,0,
516,0.360681,0,
517,0.362934,0,
518,0.364604,0,
519,0.375149,0,
520,0.377822,0,
521,0.378711,0,
522,0.380028,0,
523,0.381693,0,
524,0.383645,0,
525,0.385373,0,
526,0.385902,0,
527,0.386827,0,
528,0.388477,0,
529,0.389068,0,
530,0.389613,0,
531,0.391106,0,
532,0.390777,0,
533,0.391933,0,
534,0.392901,0,
535,0.39363,0,
536,0.393034,0,
537,0.393124,0,
538,0.394084,0,
539,0.393814,0,
540,0.39363,0,
541,0.395291,0,
542,0.396153,0,
543,0.395107,0,
544,0.394656,0,
545,0.394813,0,
546,0.393732,0,
547,0.392944,0,
548,0.392482,0,
549,0.391451,0,
550,0.390111,0,
551,0.389558,0,
552,0.38939,0,
553,0.387748,0,
554,0.387199,0,
555,0.387101,0,
556,0.386701,0,
557,0.386176,0,
558,0.385569,0,
559,0.38549,0,
560,0.38513,0,
561,0.384209,0,
562,0.383645,0,
563,0.382457,0,
564,0.381266,0,
565,0.38087,0,
566,0.381474,0,
567,0.379816,0,
568,0.379503,0,
569,0.38051,0,
570,0.381968,0,
571,0.38283,0,
572,0.38397,0,
573,0.38582,0,
574,0.3881,0,
575,0.389491,0,
576,0.390761,0,
577,0.393058,0,
578,0.394766,0,
579,0.396859,0,
580,0.399359,0,
581,0.40046,0,
582,0.401847,0,
583,0.404512,0,
584,0.405605,0,
585,0.407655,0,
586,0.40963,0,
587,0.410974,0,
588,0.412914,0,
589,0.414908,0,
590,0.415986,0,
591,0.417797,0,
592,0.42101,0,
593,0.421805,0,
594,0.429157,0,
595,0.432978,0,
596,0.435141,0,
597,0.438421,0,
598,0.441869,0,
599,0.444334,0,
600,0.446627,0,
601,0.448645,0,
602,0.45022,0,
603,0.452662,0,
604,0.455362,0,
605,0.45765,0,
606,0.464602,0,
607,0.471342,0,
608,0.474391,0,
609,0.479039,0,
610,0.483091,0,
611,0.485003,0,
612,0.48813,0,
613,0.491108,0,
614,0.49237,0,
615,0.493605,0,
616,0.495901,0,
617,0.497061,0,
618,0.499612,0,
619,0.506129,0,
620,0.506493,0,
621,0.507951,0,
622,0.5087,0,
623,0.509848,0,
624,0.511172,0,
625,0.512042,0,
626,0.512219,0,
627,0.512908,0,
628,0.515052,0,
629,0.516541,0,
630,0.518391,0,
631,0.520397,0,
632,0.520812,0,
633,0.521459,0,
634,0.521839,0,
635,0.522529,0,
636,0.522525,0,
637,0.523434,0,
638,0.523175,0,
639,0.522846,0,
640,0.522337,0,
641,0.522333,0,
642,0.521294,0,
643,0.521024,0,
644,0.522243,0,
645,0.521769,0,
646,0.521126,0,
647,0.52124,0,
648,0.521631,0,
649,0.522799,0,
650,0.522893,0,
651,0.52354,0,
652,0.524461,0,
653,0.525178,0,
654,0.525052,0,
655,0.524833,0,
656,0.524853,0,
657,0.524367,0,
658,0.523724,0,
659,0.523497,0,
660,0.523042,0,
661,0.522952,0,
662,0.523348,0,
663,0.523344,0,
664,0.523367,0,
665,0.523309,0,
666,0.523657,0,
667,0.523712,0,
668,0.523685,0,
669,0.519813,0,
670,0.520616,0,
671,0.521232,0,
672,0.521702,0,
673,0.522027,0,
674,0.522349,0,
675,0.522623,0,
676,0.52325,0,
677,0.523336,0,
678,0.524128,0,
679,0.525217,0,
680,0.525785,0,
681,0.526103,0,
682,0.527157,0,
683,0.527874,0,
684,0.528293,0,
685,0.528971,0,
686,0.52874,0,
687,0.528932,0,
688,0.530096,0,
689,0.530139,0,
690,0.530155,0,
691,0.530586,0,
692,0.530515,0,
693,0.53115,0,
694,0.531801,0,
695,0.531793,0,
696,0.532294,0,
697,0.532596,0,
698,0.532467,0,
699,0.532306,0,
700,0.532192,0,
701,0.531852,0,
702,0.532263,0,
703,0.532522,0,
704,0.532459,0,
705,0.532106,0,
706,0.532431,0,
707,0.532369,0,
708,0.532337,0,
709,0.532863,0,
710,0.53318,0,
711,0.533776,0,
712,0.534199,0,
713,0.534105,0,
714,0.53425,0,
715,0.534626,0,
716,0.534446,0,
717,0.534254,0,
718,0.534007,0,
719,0.532631,0,
720,0.532659,0,
721,0.533278,0,
722,0.533184,0,
723,0.532827,0,
724,0.532796,0,
725,0.532996,0,
726,0.532776,0,
727,0.532706,0,
728,0.532725,0,
729,0.532671,0,
730,0.532863,0,
731,0.533102,0,
732,0.533125,0,
733,0.534211,0,
734,0.534571,0,
735,0.534759,0,
736,0.535374,0,
737,0.536887,0,
738,0.536977,0,
739,0.537263,0,
740,0.537275,0,
741,0.53735,0,
742,0.536052,0,
743,0.536899,0,
744,0.538913,0,
745,0.540018,0,
746,0.541997,0,
747,0.542162,0,
748,0.541304,0,
749,0.541229,0,
750,0.539889,0,
751,0.541061,0,
752,0.541108,0,
753,0.541241,0,
754,0.54148,0,
755,0.541053,0,
756,0.539564,0,
757,0.53985,0,
758,0.538588,0,
759,0.539234,0,
760,0.540132,0,
761,0.540132,0,
762,0.539536,0,
763,0.538337,0,
764,0.537412,0,
765,0.537146,0,
766,0.538,0,
767,0.53858,0,
768,0.537596,0,
769,0.542409,0,
770,0.542087,0,
771,0.541511,0,
772,0.540622,0,
773,0.540038,0,
774,0.54117,0,
775,0.541057,0,
776,0.540927,0,
777,0.540547,0,
778,0.540814,0,
779,0.540653,0,
780,0.54039,0,
781,0.541719,0,
782,0.541217,0,
783,0.541488,0,
784,0.541292,0,
785,0.540837,0,
786,0.540042,0,
787,0.541323,0,
788,0.541546,0,
789,0.543467,0,
790,0.544489,0,
791,0.545571,0,
792,0.547809,0,
793,0.548753,0,
794,0.546676,0,
795,0.547914,0,
796,0.549799,0,
797,0.55072,0,
798,0.552441,0,
799,0.55295,0,
800,0.552746,0,
801,0.552445,0,
802,0.552495,0,
803,0.552198,0,
804,0.551563,0,
805,0.550838,0,
806,0.551038,0,
807,0.55101,0,
808,0.551128,0,
809,0.551575,0,
810,0.551806,0,
811,0.551998,0,
812,0.553021,0,
813,0.554494,0,
814,0.555756,0,
815,0.557112,0,
816,0.55862,0,
817,0.5592,0,
818,0.559475,0,
819,0.56672,0,
820,0.566148,0,
821,0.565259,0,
822,0.566027,0,
823,0.568131,0,
824,0.569855,0,
825,0.571333,0,
826,0.571862,0,
827,0.572281,0,
828,0.57274,0,
829,0.573563,0,
830,0.574887,0,
831,0.575381,0,
832,0.575596,0,
833,0.575977,0,
834,0.575299,0,
835,0.574617,0,
836,0.575071,0,
837,0.574883,0,
838,0.574981,0,
839,0.575495,0,
840,0.575495,0,
841,0.576192,0,
842,0.576455,0,
843,0.57647,0,
844,0.582568,0,
845,0.581859,0,
846,0.582145,0,
847,0.58345,0,
848,0.582658,0,
849,0.582196,0,
850,0.58285,0,
851,0.583093,0,
852,0.584249,0,
853,0.585092,0,
854,0.585315,0,
855,0.585088,0,
856,0.583806,0,
857,0.583285,0,
858,0.581729,0,
859,0.583046,0,
860,0.582936,0,
861,0.583305,0,
862,0.582866,0,
863,0.582709,0,
864,0.582627,0,
865,0.582372,0,
866,0.582619,0,
867,0.582239,0,
868,0.581592,0,
869,0.582356,0,
870,0.581286,0,
871,0.580969,0,
872,0.581196,0,
873,0.581768,0,
874,0.581416,0,
875,0.581435,0,
876,0.580644,0,
877,0.579672,0,
878,0.579641,0,
879,0.580538,0,
880,0.580005,0,
881,0.580279,0,
882,0.580401,0,
883,0.57984,0,
884,0.580589,0,
885,0.580718,0,
886,0.580322,0,
887,0.580342,0,
888,0.58053,0,
889,0.580436,0,
890,0.580981,0,
891,0.580781,0,
892,0.580405,0,
893,0.580456,0,
894,0.580448,0,
895,0.580663,0,
896,0.580499,0,
897,0.58082,0,
898,0.580895,0,
899,0.580812,0,
900,0.580961,0,
901,0.581016,0,
902,0.580957,0,
903,0.580891,0,
904,0.579895,0,
905,0.579985,0,
906,0.580703,0,
907,0.580773,0,
908,0.580836,0,
909,0.580993,0,
910,0.580663,0,
911,0.580436,0,
912,0.579507,0,
913,0.579523,0,
914,0.579664,0,
915,0.579613,0,
916,0.579672,0,
917,0.579362,0,
918,0.579284,0,
919,0.579429,0,
920,0.579543,0,
921,0.579347,0,
922,0.579637,0,
923,0.579351,0,
924,0.579629,0,
925,0.579652,0,
926,0.579985,0,
927,0.581267,0,
928,0.582047,0,
929,0.579472,0,
930,0.58013,0,
931,0.580464,0,
932,0.58042,0,
933,0.581337,0,
934,0.584084,0,
935,0.584512,0,
936,0.585965,0,
937,0.585217,0,
938,0.586204,0,
939,0.587168,0,
940,0.586212,0,
941,0.586118,0,
942,0.584892,0,
943,0.584194,0,
944,0.584084,0,
945,0.583591,0,
946,0.584171,0,
947,0.583841,0,
948,0.584751,0,
949,0.584888,0,
950,0.584688,0,
951,0.584449,0,
952,0.585248,0,
953,0.584997,0,
954,0.586471,0,
955,0.587168,0,
956,0.587694,0,
957,0.58711,0,
958,0.586683,0,
959,0.587121,0,
960,0.587188,0,
961,0.587165,0,
962,0.5868,0,
963,0.58633,0,
964,0.586126,0,
965,0.586201,0,
966,0.585891,0,
967,0.585707,0,
968,0.585817,0,
969,0.58602,0,
970,0.586263,0,
971,0.586518,0,
972,0.586859,0,
973,0.586918,0,
974,0.586491,0,
975,0.585734,0,
976,0.585358,0,
977,0.584602,0,
978,0.584135,0,
979,0.57881,0,
980,0.579257,0,
981,0.578775,0,
982,0.578492,0,
983,0.578661,0,
984,0.578951,0,
985,0.579076,0,
986,0.578782,0,
987,0.57955,0,
988,0.579774,0,
989,0.579601,0,
990,0.580044,0,
991,0.57968,0,
992,0.579629,0,
993,0.57988,0,
994,0.579982,0,
995,0.579958,0,
996,0.579899,0,
997,0.579962,0,
998,0.579676,0,
999,0.58006,0,
1000,0.581212,0,
1001,0.581279,0,
1002,0.581408,0,
1003,0.581404,0,
1004,0.57892,0,
1005,0.578179,0,
1006,0.578089,0,
1007,0.578261,0,
1008,0.578355,0,
1009,0.578089,0,
1010,0.577779,0,
1011,0.577689,0,
1012,0.57801,0,
1013,0.577959,0,
1014,0.578226,0,
1015,0.578061,0,
1016,0.577846,0,
1017,0.577909,0,
1018,0.578477,0,
1019,0.578543,0,
1020,0.578583,0,
1021,0.578688,0,
1022,0.578375,0,
1023,0.578246,0,
1024,0.577987,0,
1025,0.578073,0,
1026,0.578226,0,
1027,0.578116,0,
1028,0.578085,0,
1029,0.578363,0,
1030,0.577936,0,
1031,0.577501,0,
1032,0.57718,0,
1033,0.576737,0,
1034,0.576435,0,
1035,0.575432,0,
1036,0.575647,0,
1037,0.575236,0,
1038,0.575259,0,
1039,0.575593,0,
1040,0.575346,0,
1041,0.576094,0,
1042,0.576216,0,
1043,0.576525,0,
1044,0.576521,0,
1045,0.576376,0,
1046,0.577089,0,
1047,0.576984,0,
1048,0.577066,0,
1049,0.576984,0,
1050,0.576639,0,
1051,0.576031,0,
1052,0.575796,0,
1053,0.575969,0,
1054,0.575722,0,
1055,0.57582,0,
1056,0.575875,0,
1057,0.575933,0,
1058,0.576251,0,
1059,0.576517,0,
1060,0.573629,0,
1061,0.573182,0,
1062,0.572994,0,
1063,0.572673,0,
1064,0.572595,0,
1065,0.572399,0,
1066,0.572128,0,
1067,0.571944,0,
1068,0.571619,0,
1069,0.571693,0,
1070,0.571682,0,
1071,0.572203,0,
1072,0.571842,0,
1073,0.572089,0,
1074,0.572426,0,
1075,0.57236,0,
1076,0.572407,0,
1077,0.572559,0,
1078,0.572779,0,
1079,0.572461,0,
1080,0.572987,0,
1081,0.573135,0,
1082,0.573069,0,
1083,0.572912,0,
1084,0.573112,0,
1085,0.577309,0,
1086,0.577399,0,
1087,0.576811,0,
1088,0.576925,0,
1089,0.577019,0,
1090,0.577137,0,
1091,0.577023,0,
1092,0.577113,0,
1093,0.577187,0,
1094,0.57696,0,
1095,0.576674,0,
1096,0.577509,0,
1097,0.577493,0,
1098,0.577172,0,
1099,0.577097,0,
1100,0.577093,0,
1101,0.576725,0,
1102,0.576443,0,
1103,0.576709,0,
1104,0.575839,0,
1105,0.575118,0,
1106,0.575577,0,
1107,0.575467,0,
1108,0.575483,0,
1109,0.57511,0,
1110,0.574197,0,
1111,0.573476,0,
1112,0.573249,0,
1113,0.572787,0,
1114,0.572701,0,
1115,0.572783,0,
1116,0.572853,0,
1117,0.572845,0,
1118,0.57225,0,
1119,0.572963,0,
1120,0.573038,0,
1121,0.573386,0,
1122,0.5733,0,
1123,0.573163,0,
1124,0.573022,0,
1125,0.57303,0,
1126,0.57332,0,
1127,0.574064,0,
1128,0.574801,0,
1129,0.576122,0,
1130,0.577223,0,
1131,0.576545,0,
1132,0.576847,0,
1133,0.576901,0,
1134,0.577042,0,
1135,0.579272,0,
1136,0.57946,0,
1137,0.579554,0,
1138,0.579938,0,
1139,0.580052,0,
1140,0.580793,0,
1141,0.579766,0,
1142,0.579441,0,
1143,0.580205,0,
1144,0.579645,0,
1145,0.580589,0,
1146,0.580757,0,
1147,0.580554,0,
1148,0.579413,0,
1149,0.580162,0,
1150,0.57919,0,
1151,0.578359,0,
1152,0.576999,0,
1153,0.576702,0,
1154,0.575487,0,
1155,0.575318,0,
1156,0.575467,0,
1157,0.575593,0,
1158,0.576654,0,
1159,0.577313,0,
1160,0.576255,0,
1161,0.576368,0,
1162,0.576255,0,
1163,0.575922,0,
1164,0.574773,0,
1165,0.574448,0,
1166,0.573817,0,
1167,0.573931,0,
1168,0.573135,0,
1169,0.5735,0,
1170,0.573382,0,
1171,0.573715,0,
1172,0.573128,0,
1173,0.572983,0,
1174,0.572493,0,
1175,0.572007,0,
1176,0.57165,0,
1177,0.571901,0,
1178,0.570867,0,
1179,0.571639,0,
1180,0.571407,0,
1181,0.5712,0,
1182,0.571827,0,
1183,0.572023,0,
1184,0.572563,0,
1185,0.577552,0,
1186,0.578316,0,
1187,0.579245,0,
1188,0.579554,0,
1189,0.579315,0,
1190,0.579656,0,
1191,0.578426,0,
1192,0.579241,0,
1193,0.579429,0,
1194,0.579942,0,
1195,0.579668,0,
1196,0.58042,0,
1197,0.580287,0,
1198,0.580993,0,
1199,0.580652,0,
1200,0.579711,0,
1201,0.580632,0,
1202,0.581259,0,
1203,0.583175,0,
1204,0.583904,0,
1205,0.584727,0,
1206,0.584919,0,
1207,0.585621,0,
1208,0.586651,0,
1209,0.587302,0,
1210,0.589606,0,
1211,0.590605,0,
1212,0.591499,0,
1213,0.590876,0,
1214,0.590703,0,
1215,0.58874,0,
1216,0.589269,0,
1217,0.588505,0,
1218,0.587799,0,
1219,0.588176,0,
1220,0.588156,0,
1221,0.587337,0,
1222,0.587419,0,
1223,0.587713,0,
1224,0.588031,0,
1225,0.587752,0,
1226,0.588066,0,
1227,0.589445,0,
1228,0.590155,0,
1229,0.590688,0,
1230,0.591075,0,
1231,0.590938,0,
1232,0.589849,0,
1233,0.589923,0,
1234,0.589641,0,
1235,0.589661,0,
1236,0.589567,0,
1237,0.590135,0,
1238,0.590064,0,
1239,0.59093,0,
1240,0.591397,0,
1241,0.591832,0,
1242,0.592874,0,
1243,0.592612,0,
1244,0.593156,0,
1245,0.593881,0,
1246,0.593368,0,
1247,0.593873,0,
1248,0.59405,0,
1249,0.593877,0,
1250,0.593239,0,
1251,0.593305,0,
1252,0.592204,0,
1253,0.592243,0,
1254,0.593705,0,
1255,0.593948,0,
1256,0.592741,0,
1257,0.594371,0,
1258,0.594587,0,
1259,0.593576,0,
1260,0.591585,0,
1261,0.592455,0,
1262,0.593341,0,
1263,0.593846,0,
1264,0.593105,0,
1265,0.592333,0,
1266,0.592369,0,
1267,0.592137,0,
1268,0.592882,0,
1269,0.593078,0,
1270,0.593062,0,
1271,0.591985,0,
1272,0.589931,0,
1273,0.590014,0,
1274,0.587576,0,
1275,0.588195,0,
1276,0.587968,0,
1277,0.588399,0,
1278,0.586373,0,
1279,0.586432,0,
1280,0.585005,0,
1281,0.583022,0,
1282,0.583943,0,
1283,0.584433,0,
1284,0.583089,0,
1285,0.583888,0,
1286,0.582709,0,
1287,0.581941,0,
1288,0.580926,0,
1289,0.580385,0,
1290,0.580487,0,
1291,0.580754,0,
1292,0.579805,0,
1293,0.580444,0,
1294,0.580808,0,
1295,0.580601,0,
1296,0.580879,0,
1297,0.580256,0,
1298,0.579621,0,
1299,0.58006,0,
1300,0.580275,0,
1301,0.580652,0,
1302,0.580612,0,
1303,0.580714,0,
1304,0.580413,0,
1305,0.579923,0,
1306,0.579511,0,
1307,0.579586,0,
1308,0.58062,0,
1309,0.581047,0,
1310,0.578163,0,
1311,0.578453,0,
1312,0.577603,0,
1313,0.577677,0,
1314,0.575812,0,
1315,0.574805,0,
1316,0.574699,0,
1317,0.574574,0,
1318,0.574405,0,
1319,0.574726,0,
1320,0.574382,0,
1321,0.574241,0,
1322,0.57415,0,
1323,0.573378,0,
1324,0.573508,0,
1325,0.574338,0,
1326,0.574766,0,
1327,0.574233,0,
1328,0.574515,0,
1329,0.57435,0,
1330,0.574119,0,
1331,0.573904,0,
1332,0.575228,0,
1333,0.57477,0,
1334,0.573755,0,
1335,0.573919,0,
1336,0.573892,0,
1337,0.573547,0,
1338,0.572771,0,
1339,0.572693,0,
1340,0.572822,0,
1341,0.572892,0,
1342,0.573539,0,
1343,0.573617,0,
1344,0.573833,0,
1345,0.574107,0,
1346,0.574519,0,
1347,0.575013,0,
1348,0.574919,0,
1349,0.575338,0,
1350,0.575581,0,
1351,0.575867,0,
1352,0.576051,0,
1353,0.5764,0,
1354,0.576654,0,
1355,0.577262,0,
1356,0.577963,0,
1357,0.578093,0,
1358,0.578465,0,
1359,0.579096,0,
1360,0.57888,0,
1361,0.579566,0,
1362,0.580123,0,
1363,0.57968,0,
1364,0.579656,0,
1365,0.580287,0,
1366,0.580554,0,
1367,0.581153,0,
1368,0.582004,0,
1369,0.582243,0,
1370,0.583042,0,
1371,0.583418,0,
1372,0.58399,0,
1373,0.583994,0,
1374,0.584222,0,
1375,0.584218,0,
1376,0.584492,0,
1377,0.584578,0,
1378,0.584762,0,
1379,0.585099,0,
1380,0.584766,0,
1381,0.584731,0,
1382,0.584762,0,
1383,0.584578,0,
1384,0.584531,0,
1385,0.586071,0,
1386,0.585715,0,
1387,0.585938,0,
1388,0.586671,0,
1389,0.587627,0,
1390,0.5876,0,
1391,0.58711,0,
1392,0.587294,0,
1393,0.587121,0,
1394,0.586761,0,
1395,0.587733,0,
1396,0.587247,0,
1397,0.587071,0,
1398,0.586522,0,
1399,0.586875,0,
1400,0.586843,0,
1401,0.586894,0,
1402,0.587098,0,
1403,0.587255,0,
1404,0.586534,0,
1405,0.586432,0,
1406,0.585997,0,
1407,0.586177,0,
1408,0.586589,0,
1409,0.586773,0,
1410,0.583465,0,
1411,0.583289,0,
1412,0.583473,0,
1413,0.583179,0,
1414,0.583501,0,
1415,0.58448,0,
1416,0.5866,0,
1417,0.586541,0,
1418,0.586561,0,
1419,0.587568,0,
1420,0.587654,0,
1421,0.588454,0,
1422,0.5891,0,
1423,0.589692,0,
1424,0.592177,0,
1425,0.593485,0,
1426,0.593231,0,
1427,0.597455,0,
1428,0.599501,0,
1429,0.600194,0,
1430,0.604595,0,
1431,0.60581,0,
1432,0.60764,0,
1433,0.609948,0,
1434,0.612464,0,
1435,0.619267,0,
1436,0.621309,0,
1437,0.623284,0,
1438,0.623433,0,
1439,0.625909,0,
1440,0.628382,0,
1441,0.62828,0,
1442,0.631266,0,
1443,0.633194,0,
1444,0.633127,0,
1445,0.635655,0,
1446,0.638645,0,
1447,0.63964,0,
1448,0.641361,0,
1449,0.643187,0,
1450,0.643618,0,
1451,0.645848,0,
1452,0.648117,0,
1453,0.650946,0,
1454,0.653332,0,
1455,0.655805,0,
1456,0.657012,0,
1457,0.660288,0,
1458,0.663431,0,
1459,0.665853,0,
1460,0.665457,0,
1461,0.669105,0,
1462,0.670375,0,
1463,0.672558,0,
1464,0.674995,0,
1465,0.67641,0,
1466,0.679086,0,
1467,0.68257,0,
1468,0.684765,0,
1469,0.685599,0,
1470,0.689502,0,
1471,0.69339,0,
1472,0.695929,0,
1473,0.700687,0,
1474,0.700244,0,
1475,0.704496,0,
1476,0.709139,0,
1477,0.712427,0,
1478,0.713089,0,
1479,0.718564,0,
1480,0.718027,0,
1481,0.718956,0,
1482,0.721495,0,
1483,0.723693,0,
1484,0.726586,0,
1485,0.725861,0,
1486,0.726731,0,
1487,0.729282,0,
1488,0.729587,0,
1489,0.729568,0,
1490,0.732276,0,
1491,0.732808,0,
1492,0.730618,0,
1493,0.73255,0,
1494,0.733228,0,
1495,0.735148,0,
1496,0.736708,0,
1497,0.743315,0,
1498,0.744721,0,
1499,0.75114,0,
1500,0.754244,0,
1501,0.754252,0,
1502,0.753805,0,
1503,0.747331,0,
1504,0.744827,0,
1505,0.737123,0,
1506,0.734168,0,
1507,0.732095,0,
1508,0.738032,0,
1509,0.736124,0,
1510,0.740583,0,
1511,0.741532,0,
1512,0.743464,0,
1513,0.744094,0,
1514,0.742899,0,
1515,0.722549,0,
1516,0.722988,0,
1517,0.717486,0,
1518,0.716142,0,
1519,0.713908,0,
1520,0.709911,0,
1521,0.678687,0,
1522,0.678044,0,
1523,0.670834,0,
1524,0.667812,0,
1525,0.665775,0,
1526,0.660453,0,
1527,0.661048,0,
1528,0.657663,0,
1529,0.653101,0,
1530,0.651663,0,
1531,0.650076,0,
1532,0.653274,0,
1533,0.650186,0,
1534,0.653348,0,
1535,0.647956,0,
1536,0.646737,0,
1537,0.645667,0,
1538,0.643406,0,
1539,0.64042,0,
1540,0.638492,0,
1541,0.63511,0,
1542,0.633707,0,
1543,0.63484,0,
1544,0.632308,0,
1545,0.635263,0,
1546,0.636482,0,
1547,0.638629,0,
1548,0.636905,0,
1549,0.611437,0,
1550,0.604446,0,
1551,0.601789,0,
1552,0.600006,0,
1553,0.597541,0,
1554,0.595139,0,
1555,0.594822,0,
1556,0.591683,0,
1557,0.593043,0,
1558,0.591644,0,
1559,0.590613,0,
1560,0.583026,0,
1561,0.586083,0,
1562,0.587027,0,
1563,0.584292,0,
1564,0.583042,0,
1565,0.581988,0,
1566,0.581651,0,
1567,0.580518,0,
1568,0.578101,0,
1569,0.579931,0,
1570,0.577858,0,
1571,0.576349,0,
1572,0.576071,0,
1573,0.580522,0,
1574,0.585103,0,
1575,0.583497,0,
1576,0.584809,0,
1577,0.587866,0,
1578,0.593999,0,
1579,0.597306,0,
1580,0.596013,0,
1581,0.597396,0,
1582,0.599697,0,
1583,0.601621,0,
1584,0.600786,0,
1585,0.598917,0,
1586,0.598149,0,
1587,0.597005,0,
1588,0.59818,0,
1589,0.601037,0,
1590,0.602808,0,
1591,0.603862,0,
1592,0.6059,0,
1593,0.603596,0,
1594,0.605657,0,
1595,0.606731,0,
1596,0.606555,0,
1597,0.604454,0,
1598,0.604274,0,
1599,0.602248,0,
1600,0.603905,0,
1601,0.605363,0,
1602,0.606962,0,
1603,0.607366,0,
1604,0.61215,0,
1605,0.614482,0,
1606,0.617131,0,
1607,0.620352,0,
1608,0.621199,0,
1609,0.623099,0,
1610,0.623456,0,
1611,0.627375,0,
1612,0.627524,0,
1613,0.622496,0,
1614,0.613479,0,
1615,0.611986,0,
1616,0.609693,0,
1617,0.602757,0,
1618,0.6007,0,
1619,0.594442,0,
1620,0.587349,0,
1621,0.586988,0,
1622,0.583634,0,
1623,0.582054,0,
1624,0.580703,0,
1625,0.578187,0,
1626,0.577082,0,
1627,0.578077,0,
1628,0.57649,0,
1629,0.576423,0,
1630,0.57955,0,
1631,0.584018,0,
1632,0.587074,0,
1633,0.586475,0,
1634,0.586585,0,
1635,0.580142,0,
1636,0.580389,0,
1637,0.584308,0,
1638,0.588089,0,
1639,0.588383,0,
1640,0.582964,0,
1641,0.582117,0,
1642,0.580432,0,
1643,0.579844,0,
1644,0.580844,0,
1645,0.578101,0,
1646,0.573872,0,
1647,0.566818,0,
1648,0.56455,0,
1649,0.564052,0,
1650,0.560599,0,
1651,0.557515,0,
1652,0.555846,0,
1653,0.553201,0,
1654,0.554486,0,
1655,0.553142,0,
1656,0.551959,0,
1657,0.553832,0,
1658,0.557958,0,
1659,0.56346,0,
1660,0.556669,0,
1661,0.562092,0,
1662,0.565564,0,
1663,0.562625,0,
1664,0.56663,0,
1665,0.567806,0,
1666,0.566909,0,
1667,0.566141,0,
1668,0.563201,0,
1669,0.564017,0,
1670,0.567199,0,
1671,0.563817,0,
1672,0.56522,0,
1673,0.56116,0,
1674,0.552217,0,
1675,0.551014,0,
1676,0.547413,0,
1677,0.544145,0,
1678,0.544223,0,
1679,0.54668,0,
1680,0.546994,0,
1681,0.545336,0,
1682,0.543745,0,
1683,0.543161,0,
1684,0.542436,0,
1685,0.534136,0,
1686,0.536452,0,
1687,0.536433,0,
1688,0.539074,0,
1689,0.54213,0,
1690,0.546018,0,
1691,0.55293,0,
1692,0.562888,0,
1693,0.566963,0,
1694,0.574248,0,
1695,0.581114,0,
1696,0.58644,0,
1697,0.594602,0,
1698,0.603396,0,
1699,0.606304,0,
1700,0.610791,0,
1701,0.611782,0,
1702,0.609094,0,
1703,0.612879,0,
1704,0.612205,0,
1705,0.611833,0,
1706,0.613863,0,
1707,0.610465,0,
1708,0.609995,0,
1709,0.604109,0,
1710,0.598784,0,
1711,0.598827,0,
1712,0.590104,0,
1713,0.584555,0,
1714,0.583019,0,
1715,0.577301,0,
1716,0.577642,0,
1717,0.575295,0,
1718,0.571039,0,
1719,0.565874,0,
1720,0.568978,0,
1721,0.562484,0,
1722,0.559965,0,
1723,0.557602,0,
1724,0.556583,0,
1725,0.552989,0,
1726,0.554941,0,
1727,0.54873,0,
1728,0.544023,0,
1729,0.54396,0,
1730,0.51796,0,
1731,0.499126,0,
1732,0.496461,0,
1733,0.481151,0,
1734,0.480069,0,
1735,0.462031,0,
1736,0.46046,0,
1737,0.445874,0,
1738,0.443178,0,
1739,0.434874,0,
1740,0.415641,0,
1741,0.410774,0,
1742,0.406409,0,
1743,0.389158,0,
1744,0.384993,0,
1745,0.380467,0,
1746,0.374976,0,
1747,0.362143,0,
1748,0.35753,0,
1749,0.351817,0,
1750,0.349144,0,
1751,0.346456,0,
1752,0.341977,0,
1753,0.339132,0,
1754,0.336788,0,
1755,0.33488,0,
1756,0.331768,0,
1757,0.329315,0,
1758,0.329025,0,
1759,0.328324,0,
1760,0.324742,0,
1761,0.323512,0,
1762,0.322924,0,
1763,0.320545,0,
1764,0.316975,0,
1765,0.315678,0,
1766,0.321109,0,
1767,0.323935,0,
1768,0.325346,0,
1769,0.327227,0,
1770,0.327231,0,
1771,0.335256,0,
1772,0.338325,0,
1773,0.337349,0,
1774,0.336494,0,
1775,0.341753,0,
1776,0.340954,0,
1777,0.341279,0,
1778,0.339535,0,
1779,0.335707,0,
1780,0.33566,0,
1781,0.335291,0,
1782,0.331435,0,
1783,0.330244,0,
1784,0.324484,0,
1785,0.323296,0,
1786,0.321008,0,
1787,0.314953,0,
1788,0.310509,0,
1789,0.307578,0,
1790,0.299858,0,
1791,0.294815,0,
1792,0.292495,0,
1793,0.287252,0,
1794,0.281914,0,
1795,0.279739,0,
1796,0.274606,0,
1797,0.271992,0,
1798,0.272329,0,
1799,0.269253,0,
1800,0.270107,0,
1801,0.268175,0,
1802,0.264633,0,
1803,0.264217,0,
1804,0.265091,0,
1805,0.267164,0,
1806,0.268336,0,
1807,0.268688,0,
1808,0.26863,0,
1809,0.268301,0,
1810,0.267493,0,
1811,0.268355,0,
1812,0.270099,0,
1813,0.269053,0,
1814,0.266784,0,
1815,0.261051,0,
1816,0.261114,0,
1817,0.254499,0,
1818,0.256211,0,
1819,0.255286,0,
1820,0.25654,0,
1821,0.254652,0,
1822,0.255604,0,
1823,0.252896,0,
1824,0.255392,0,
1825,0.255341,0,
1826,0.252202,0,
1827,0.252865,0,
1828,0.2552,0,
1829,0.254479,0,
1830,0.255866,0,
1831,0.253856,0,
1832,0.25426,0,
1833,0.250839,0,
1834,0.250004,0,
1835,0.247143,0,
1836,0.243334,0,
1837,0.242296,0,
1838,0.239176,0,
1839,0.235195,0,
1840,0.233396,0,
1841,0.229462,0,
1842,0.225359,0,
1843,0.22184,0,
1844,0.216303,0,
1845,0.209241,0,
1846,0.204629,0,
1847,0.198261,0,
1848,0.189546,0,
1849,0.188205,0,
1850,0.180975,0,
1851,0.174137,0,
1852,0.173361,0,
1853,0.171135,0,
1854,0.168972,0,
1855,0.169975,0,
1856,0.173291,0,
1857,0.17766,0,
1858,0.178847,0,
1859,0.176712,0,
1860,0.173812,0,
1861,0.173075,0,
1862,0.170246,0,
1863,0.166876,0,
1864,0.164924,0,
1865,0.161875,0,
1866,0.160049,0,
1867,0.161327,0,
1868,0.163611,0,
1869,0.166162,0,
1870,0.16639,0,
1871,0.165116,0,
1872,0.164803,0,
1873,0.164278,0,
1874,0.163239,0,
1875,0.169141,0,
1876,0.17072,0,
1877,0.176347,0,
1878,0.181579,0,
1879,0.184091,0,
1880,0.18989,0,
1881,0.196251,0,
1882,0.200185,0,
1883,0.205436,0,
1884,0.20999,0,
1885,0.21017,0,
1886,0.21238,0,
1887,0.221009,0,
1888,0.224371,0,
1889,0.232354,0,
1890,0.237934,0,
1891,0.240764,0,
1892,0.245525,0,
1893,0.251669,0,
1894,0.255384,0,
1895,0.257348,0,
1896,0.262481,0,
1897,0.268426,0,
1898,0.269276,0,
1899,0.271663,0,
1900,0.275926,0,
1901,0.287318,0,
1902,0.299294,0,
1903,0.30362,0,
1904,0.309824,0,
1905,0.317865,0,
1906,0.317939,0,
1907,0.319358,0,
1908,0.316274,0,
1909,0.315012,0,
1910,0.310137,0,
1911,0.309867,0,
1912,0.309604,0,
1913,0.308299,0,
1914,0.306477,0,
1915,0.303879,0,
1916,0.298957,0,
1917,0.294082,0,
1918,0.29525,0,
1919,0.290394,0,
1920,0.288803,0,
1921,0.285441,0,
1922,0.280648,0,
1923,0.275366,0,
1924,0.266839,0,
1925,0.260741,0,
1926,0.258171,0,
1927,0.254052,0,
1928,0.250745,0,
1929,0.248276,0,
1930,0.246164,0,
1931,0.243875,0,
1932,0.235559,0,
1933,0.233486,0,
1934,0.230645,0,
1935,0.219058,0,
1936,0.21983,0,
1937,0.218501,0,
1938,0.214575,0,
1939,0.212819,0,
1940,0.208457,0,
1941,0.202724,0,
1942,0.20466,0,
1943,0.201525,0,
1944,0.197818,0,
1945,0.195424,0,
1946,0.184882,0,
1947,0.173894,0,
1948,0.169376,0,
1949,0.160543,0,
1950,0.15461,0,
1951,0.150785,0,
1952,0.142913,0,
1953,0.131043,0,
1954,0.126873,0,
1955,0.11525,0,
1956,0.107977,0,
1957,0.107436,0,
1958,0.104133,0,
1959,0.100096,0,
1960,0.0975375,0,
1961,0.090856,0,
1962,0.0844097,0,
1963,0.0807535,0,
1964,0.0765291,0,
1965,0.0705687,0,
1966,0.0698516,0,
1967,0.0650589,0,
1968,0.060858,0,
1969,0.0586792,0,
1970,0.0558656,0,
1971,0.0487805,0,
1972,0.0462333,0,
1973,0.0422597,0,
1974,0.0390463,0,
1975,0.0368127,0,
1976,0.031299,0,
1977,0.0263457,0,
1978,0.0233557,0,
1979,0.017697,0,
1980,0.0112233,0,
1981,0.00878582,0,
1982,0.00434197,0,
1983,0.00318986,0,
1984,0.0029273,0,
1985,0.00276271,0,
1986,0.00282541,0,
1987,0.00269218,0,
1988,0.00242962,0,
1989,0.00246881,0,
1990,0.00282933,0,
1991,0.00322904,0,
1992,0.00385996,0,
1993,0.00454966,0,
1994,0.00469073,0,
1995,0.00407941,0,
1996,0.00398536,0,
1997,0.00379334,0,
1998,0.00427143,0,
1999,0.00444777,0,
2000,0.00723791,0,
2001,0.0161648,0,
2002,0.0214708,0,
2003,0.0327176,0,
2004,0.0451557,0,
2005,0.0515981,0,
2006,0.0621591,0,
2007,0.072916,0,
2008,0.0785943,0,
2009,0.089845,0,
2010,0.100574,0,
2011,0.10619,0,
2012,0.117946,0,
2013,0.130925,0,
2014,0.138304,0,
2015,0.151553,0,
2016,0.162224,0,
2017,0.168572,0,
2018,0.180846,0,
2019,0.182684,0,
2020,0.18569,0,
2021,0.186575,0,
2022,0.189702,0,
2023,0.197191,0,
2024,0.211432,0,
2025,0.2228,0,
2026,0.226413,0,
2027,0.235003,0,
2028,0.245129,0,
2029,0.249557,0,
2030,0.255192,0,
2031,0.254891,0,
2032,0.249686,0,
2033,0.23987,0,
2034,0.235673,0,
2035,0.232021,0,
2036,0.230861,0,
2037,0.225994,0,
2038,0.226836,0,
2039,0.227318,0,
2040,0.230732,0,
2041,0.227177,0,
2042,0.222843,0,
2043,0.213344,0,
2044,0.208187,0,
2045,0.195647,0,
2046,0.189357,0,
2047,0.186277,0,
2048,0.180391,0,
2049,0.17128,0,
2050,0.168424,0,
2051,0.16079,0,
2052,0.155155,0,
2053,0.15077,0,
2054,0.141549,0,
2055,0.132877,0,
2056,0.1302,0,
2057,0.120435,0,
2058,0.107181,0,
2059,0.101397,0,
2060,0.0925959,0,
2061,0.0833869,0,
2062,0.0808828,0,
2063,0.0732805,0,
2064,0.0661327,0,
2065,0.0635894,0,
2066,0.0625118,0,
2067,0.0598549,0,
2068,0.0593297,0,
2069,0.0544391,0,
2070,0.0508143,0,
2071,0.0501325,0,
2072,0.0477655,0,
2073,0.0443719,0,
2074,0.0433099,0,
2075,0.041041,0,
2076,0.0386741,0,
2077,0.0375611,0,
2078,0.0340891,0,
2079,0.0316987,0,
2080,0.0310482,0,
2081,0.0277055,0,
2082,0.024065,0,
2083,0.022329,0,
2084,0.0174462,0,
2085,0.0129671,0,
2086,0.0106511,0,
2087,0.00749655,0,
2088,0.00622296,0,
2089,0.00606229,0,
2090,0.00586636,0,
2091,0.0062112,0,
2092,0.00649335,0,
2093,0.00662659,0,
2094,0.00690482,0,
2095,0.007089,0,
2096,0.00781397,0,
2097,0.00752006,0,
2098,0.00770816,0,
2099,0.00904445,0,
2100,0.0121755,0,
2101,0.0138136,0,
2102,0.0180301,0,
2103,0.0225171,0,
2104,0.0251622,0,
2105,0.0308209,0,
2106,0.0367343,0,
2107,0.039446,0,
2108,0.0481143,0,
2109,0.0570216,0,
2110,0.0606974,0,
2111,0.0715366,0,
2112,0.0806359,0,
2113,0.085405,0,
2114,0.0973846,0,
2115,0.105939,0,
2116,0.112652,0,
2117,0.123288,0,
2118,0.135048,0,
2119,0.141126,0,
2120,0.152537,0,
2121,0.164912,0,
2122,0.173271,0,
2123,0.186066,0,
2124,0.197073,0,
2125,0.202528,0,
2126,0.216534,0,
2127,0.232593,0,
2128,0.236469,0,
2129,0.244412,0,
2130,0.250737,0,
2131,0.25404,0,
2132,0.259135,0,
2133,0.26401,0,
2134,0.265044,0,
2135,0.264468,0,
2136,0.27064,0,
2137,0.270413,0,
2138,0.271533,0,
2139,0.272423,0,
2140,0.271663,0,
2141,0.270573,0,
2142,0.269363,0,
2143,0.268406,0,
2144,0.266666,0,
2145,0.264229,0,
2146,0.264233,0,
2147,0.262587,0,
2148,0.261247,0,
2149,0.260349,0,
2150,0.25761,0,
2151,0.249205,0,
2152,0.247625,0,
2153,0.243138,0,
2154,0.247449,0,
2155,0.251203,0,
2156,0.255051,0,
2157,0.258245,0,
2158,0.261086,0,
2159,0.262364,0,
2160,0.263042,0,
2161,0.26457,0,
2162,0.265122,0,
2163,0.264852,0,
2164,0.263187,0,
2165,0.261846,0,
2166,0.260714,0,
2167,0.259914,0,
2168,0.258124,0,
2169,0.256862,0,
2170,0.255659,0,
2171,0.249628,0,
2172,0.24355,0,
2173,0.24143,0,
2174,0.233792,0,
2175,0.221734,0,
2176,0.214916,0,
2177,0.201384,0,
2178,0.187433,0,
2179,0.18103,0,
2180,0.171394,0,
2181,0.162056,0,
2182,0.159242,0,
2183,0.153744,0,
2184,0.147157,0,
2185,0.14187,0,
2186,0.135052,0,
2187,0.126857,0,
2188,0.12402,0,
2189,0.113804,0,
2190,0.104344,0,
2191,0.0994772,0,
2192,0.0891984,0,
2193,0.0804792,0,
2194,0.0758511,0,
2195,0.0674729,0,
2196,0.0606151,0,
2197,0.0572724,0,
2198,0.0489647,0,
2199,0.0436822,0,
2200,0.0418443,0,
2201,0.0375729,0,
2202,0.0324354,0,
2203,0.0308327,0,
2204,0.0273606,0,
2205,0.0233831,0,
2206,0.0215844,0,
2207,0.0180732,0,
2208,0.0176853,0,
2209,0.0180105,0,
2210,0.0184298,0,
2211,0.0173404,0,
2212,0.0162197,0,
2213,0.014323,0,
2214,0.011815,0,
2215,0.0109019,0,
2216,0.010224,0,
2217,0.00936187,0,
2218,0.00925607,0,
2219,0.00962835,0,
2220,0.00813531,0,
2221,0.00762979,0,
2222,0.0062739,0,
2223,0.0062112,0,
2224,0.00751223,0,
2225,0.00675591,0,
2226,0.00642674,0,
2227,0.00656781,0,
2228,0.00687739,0,
2229,0.00679902,0,
2230,0.00656389,0,
2231,0.00665402,0,
2232,0.00690482,0,
2233,0.007089,0,
2234,0.0071517,0,
2235,0.00625039,0,
2236,0.0065247,0,
2237,0.00657565,0,
2238,0.00675591,0,
2239,0.0071086,0,
2240,0.00705765,0,
2241,0.00638363,0,
2242,0.00678334,0,
2243,0.00633269,0,
2244,0.00691266,0,
2245,0.00708116,0,
2246,0.0073594,0,
2247,0.00675983,0,
2248,0.00653646,0,
2249,0.00752006,0,
2250,0.00728886,0,
2251,0.00753574,0,
2252,0.00806085,0,
2253,0.00816274,0,
2254,0.00820584,0,
2255,0.00875055,0,
2256,0.0085311,0,
2257,0.00892297,0,
2258,0.00922472,0,
2259,0.00938538,0,
2260,0.00895432,0,
2261,0.00920904,0,
2262,0.00994185,0,
2263,0.0096597,0,
2264,0.00985563,0,
2265,0.0109059,0,
2266,0.0126301,0,
2267,0.0179557,0,
2268,0.0255933,0,
2269,0.0291711,0,
2270,0.0368244,0,
2271,0.0433609,0,
2272,0.0462803,0,
2273,0.051457,0,
2274,0.057437,0,
2275,0.0594747,0,
2276,0.0623824,0,
2277,0.0646475,0,
2278,0.0657604,0,
2279,0.0675865,0,
2280,0.0698829,0,
2281,0.0709253,0,
2282,0.0723831,0,
2283,0.0727318,0,
2284,0.0735587,0,
2285,0.0749655,0,
2286,0.0761999,0,
2287,0.0768583,0,
2288,0.0780104,0,
2289,0.0782964,0,
2290,0.0783356,0,
2291,0.0786648,0,
2292,0.0791821,0,
2293,0.0784885,0,
2294,0.0769602,0,
2295,0.0772306,0,
2296,0.0769876,0,
2297,0.0785629,0,
2298,0.0833124,0,
2299,0.0861927,0,
2300,0.0901271,0,
2301,0.0913302,0,
2302,0.0914634,0,
2303,0.0925058,0,
2304,0.0932151,0,
2305,0.0935795,0,
2306,0.0942575,0,
2307,0.0937167,0,
2308,0.0936893,0,
2309,0.0946219,0,
2310,0.0961385,0,
2311,0.0960483,0,
2312,0.0914713,0,
2313,0.0877171,0,
2314,0.0871685,0,
2315,0.0815216,0,
2316,0.0745423,0,
2317,0.0722028,0,
2318,0.0673396,0,
2319,0.0644672,0,
2320,0.0634797,0,
2321,0.0620689,0,
2322,0.0584872,0,
2323,0.0575624,0,
2324,0.0527306,0,
2325,0.0493369,0,
2326,0.0487452,0,
2327,0.0481104,0,
2328,0.0481574,0,
2329,0.0469544,0,
2330,0.0465233,0,
2331,0.0453751,0,
2332,0.0446227,0,
2333,0.0442935,0,
2334,0.0421657,0,
2335,0.0401984,0,
2336,0.0383214,0,
2337,0.037663,0,
2338,0.0357781,0,
2339,0.0345084,0,
2340,0.0311462,0,
2341,0.0286891,0,
2342,0.0247586,0,
2343,0.0217137,0,
2344,0.0205499,0,
2345,0.0193743,0,
2346,0.0188413,0,
2347,0.0182104,0,
2348,0.0173679,0,
2349,0.0169838,0,
2350,0.0175991,0,
2351,0.0170426,0,
2352,0.0169838,0,
2353,0.0171994,0,
2354,0.0166115,0,
2355,0.0157494,0,
2356,0.0149382,0,
2357,0.0143152,0,
2358,0.0134609,0,
2359,0.012779,0,
2360,0.0118189,0,
2361,0.0112821,0,
2362,0.0111527,0,
2363,0.0109921,0,
2364,0.0107295,0,
2365,0.010322,0,
2366,0.0101495,0,
2367,0.0105767,0,
2368,0.0105022,0,
2369,0.010945,0,
2370,0.01167,0,
2371,0.0121403,0,
2372,0.0133472,0,
2373,0.0133512,0,
2374,0.0121873,0,
2375,0.0118738,0,
2376,0.0112076,0,
2377,0.0109372,0,
2378,0.0106864,0,
2379,0.0100202,0,
2380,0.00963227,0,
2381,0.00954605,0,
2382,0.0103651,0,
2383,0.0138253,0,
2384,0.0238299,0,
2385,0.0340147,0,
2386,0.0393873,0,
2387,0.0461824,0,
2388,0.0536005,0,
2389,0.0542315,0,
2390,0.0556148,0,
2391,0.0576564,0,
2392,0.0585146,0,
2393,0.0596511,0,
2394,0.0614459,0,
2395,0.0620572,0,
2396,0.0624491,0,
2397,0.063225,0,
2398,0.0628174,0,
2399,0.0628997,0,
2400,0.0629977,0,
2401,0.0627547,0,
2402,0.0627743,0,
2403,0.0632132,0,
2404,0.0638089,0,
2405,0.0645456,0,
2406,0.0653528,0,
2407,0.0654508,0,
2408,0.0658662,0,
2409,0.0661366,0,
2410,0.0652784,0,
2411,0.067563,0,
2412,0.0690286,0,
2413,0.0687426,0,
2414,0.0697497,0,
2415,0.0674023,0,
2416,0.0656389,0,
2417,0.0599019,0,
2418,0.0558695,0,
2419,0.0542275,0,
2420,0.0525973,0,
2421,0.0520997,0,
2422,0.0516921,0,
2423,0.0480359,0,
2424,0.0426437,0,
2425,0.0407667,0,
2426,0.0361308,0,
2427,0.0304173,0,
2428,0.0273293,0,
2429,0.0221213,0,
2430,0.0172738,0,
2431,0.0151067,0,
2432,0.0161295,0,
2433,0.0219802,0,
2434,0.0249741,0,
2435,0.0277956,0,
2436,0.0304565,0,
2437,0.0310756,0,
2438,0.0330193,0,
2439,0.0352765,0,
2440,0.0362013,0,
2441,0.0378629,0,
2442,0.0392305,0,
2443,0.039834,0,
2444,0.0409352,0,
2445,0.0425027,0,
2446,0.0433726,0,
2447,0.0448461,0,
2448,0.045042,0,
2449,0.0458924,0,
2450,0.0461941,0,
2451,0.0459081,0,
2452,0.0460648,0,
2453,0.0451086,0,
2454,0.0445208,0,
2455,0.0429768,0,
2456,0.041378,0,
2457,0.0426516,0,
2458,0.0450381,0,
2459,0.0474991,0,
2460,0.0502931,0,
2461,0.0518136,0,
2462,0.0529892,0,
2463,0.0523857,0,
2464,0.051841,0,
2465,0.0503245,0,
2466,0.0449284,0,
2467,0.0421657,0,
2468,0.0384115,0,
2469,0.0344301,0,
2470,0.03289,0,
2471,0.02932,0,
2472,0.0251074,0,
2473,0.0234497,0,
2474,0.019339,0,
2475,0.0172777,0,
2476,0.0175599,0,
2477,0.0179008,0,
2478,0.0183946,0,
2479,0.0181163,0,
2480,0.0169172,0,
2481,0.0167605,0,
2482,0.0160355,0,
2483,0.0150832,0,
2484,0.013022,0,
2485,0.0119913,0,
2486,0.0107648,0,
2487,0.0114506,0,
2488,0.0116974,0,
2489,0.0117405,0,
2490,0.0124302,0,
2491,0.012348,0,
2492,0.0125988,0,
2493,0.0129397,0,
2494,0.0128182,0,
2495,0.0131474,0,
2496,0.0131278,0,
2497,0.0133159,0,
2498,0.0141427,0,
2499,0.0147227,0,
2500,0.0149618,0,
2501,0.0146992,0,
2502,0.0149853,0,
2503,0.01524,0,
2504,0.0153223,0,
2505,0.0152635,0,
2506,0.0149343,0,
2507,0.0172111,0,
2508,0.0232381,0,
2509,0.0267297,0,
2510,0.0353314,0,
2511,0.0419031,0,
2512,0.0461628,0,
2513,0.0543764,0,
2514,0.0596158,0,
2515,0.0600469,0,
2516,0.0602428,0,
2517,0.0600469,0,
2518,0.0611284,0,
2519,0.06337,0,
2520,0.0637344,0,
2521,0.0637109,0,
2522,0.0647063,0,
2523,0.0647219,0,
2524,0.0646867,0,
2525,0.0648826,0,
2526,0.0661366,0,
2527,0.0670771,0,
2528,0.0682057,0,
2529,0.0695459,0,
2530,0.0700436,0,
2531,0.0707489,0,
2532,0.0713485,0,
2533,0.0721479,0,
2534,0.0728259,0,
2535,0.0729434,0,
2536,0.0732609,0,
2537,0.0731041,0,
2538,0.0740368,0,
2539,0.0743581,0,
2540,0.0740877,0,
2541,0.0737154,0,
2542,0.073543,0,
2543,0.0729787,0,
2544,0.0747853,0,
2545,0.0746638,0,
2546,0.0752516,0,
2547,0.0762313,0,
2548,0.0775597,0,
2549,0.077066,0,
2550,0.0775715,0,
2551,0.0792761,0,
2552,0.0788255,0,
2553,0.0766702,0,
2554,0.0743816,0,
2555,0.0701298,0,
2556,0.0672299,0,
2557,0.0661601,0,
2558,0.0637658,0,
2559,0.0616065,0,
2560,0.0606621,0,
2561,0.054592,0,
2562,0.0482279,0,
2563,0.0450459,0,
2564,0.0393167,0,
2565,0.033274,0,
2566,0.0303467,0,
2567,0.0255855,0,
2568,0.0197426,0,
2569,0.0173875,0,
2570,0.0134021,0,
2571,0.00941673,0,
2572,0.00808044,0,
2573,0.00550583,0,
2574,0.00363659,0,
2575,0.00272353,0,
2576,0.00190843,0,
2577,0.00121873,0,
2578,0.00109725,0,
2579,0.00109725,0,
2580,0.00106982,0,
2581,0.0010659,0,
2582,0.00101104,0,
2583,0.00100712,0,
2584,0.000991441,0,
2585,0.000999279,0,
2586,0.0010032,0,
2587,0.00104239,0,
2588,0.0010463,0,
2589,0.00107765,0,
2590,0.00109333,0,
2591,0.00114819,0,
2592,0.00114819,0,
2593,0.00114819,0,
2594,0.00118738,0,
2595,0.00116387,0,
2596,0.00114427,0,
2597,0.00115603,0,
2598,0.00109725,0,
2599,0.00108941,0,
2600,0.00109725,0,
2601,0.00109725,0,
2602,0.00109725,0,
2603,0.001109,0,
2604,0.00114819,0,
2605,0.0011717,0,
2606,0.00124616,0,
2607,0.00128535,0,
2608,0.00128535,0,
2609,0.00128927,0,
2610,0.00133237,0,
2611,0.00129318,0,
2612,0.0011717,0,
2613,0.00118346,0,
2614,0.00119913,0,
2615,0.00124224,0,
2616,0.00120305,0,
2617,0.00120305,0,
2618,0.00114427,0,
2619,0.00116778,0,
2620,0.00122657,0,
2621,0.00127359,0,
2622,0.00125008,0,
2623,0.00124616,0,
2624,0.00463195,0,
2625,0.01196,0,
2626,0.0160002,0,
2627,0.0233596,0,
2628,0.0267885,0,
2629,0.029371,0,
2630,0.0324472,0,
2631,0.0342263,0,
2632,0.0349904,0,
2633,0.0366598,0,
2634,0.0381999,0,
2635,0.0386074,0,
2636,0.0402337,0,
2637,0.0451831,0,
2638,0.0490666,0,
2639,0.05739,0,
2640,0.0669399,0,
2641,0.0701102,0,
2642,0.0792095,0,
2643,0.0903466,0,
2644,0.0966557,0,
2645,0.107225,0,
2646,0.114235,0,
2647,0.116594,0,
2648,0.122962,0,
2649,0.129487,0,
2650,0.130964,0,
2651,0.134189,0,
2652,0.137544,0,
2653,0.138606,0,
2654,0.138469,0,
2655,0.142317,0,
2656,0.144656,0,
2657,0.149296,0,
2658,0.151847,0,
2659,0.153775,0,
2660,0.159849,0,
2661,0.161844,0,
2662,0.16177,0,
2663,0.160523,0,
2664,0.160504,0,
2665,0.158521,0,
2666,0.155202,0,
2667,0.154159,0,
2668,0.154101,0,
2669,0.150793,0,
2670,0.148101,0,
2671,0.146118,0,
2672,0.144974,0,
2673,0.147176,0,
2674,0.147427,0,
2675,0.145777,0,
2676,0.146251,0,
2677,0.146243,0,
2678,0.145311,0,
2679,0.146749,0,
2680,0.143732,0,
2681,0.142023,0,
2682,0.139374,0,
2683,0.137814,0,
2684,0.136439,0,
2685,0.132026,0,
2686,0.131376,0,
2687,0.131979,0,
2688,0.128539,0,
2689,0.127128,0,
2690,0.125815,0,
2691,0.12,0,
2692,0.11721,0,
2693,0.113847,0,
2694,0.109885,0,
2695,0.108216,0,
2696,0.104822,0,
2697,0.102518,0,
2698,0.101252,0,
2699,0.0982428,0,
2700,0.0925411,0,
2701,0.0892493,0,
2702,0.082129,0,
2703,0.0764742,0,
2704,0.0737154,0,
2705,0.0684722,0,
2706,0.0633308,0,
2707,0.0617437,0,
2708,0.0568923,0,
2709,0.0521898,0,
2710,0.0488432,0,
2711,0.0448539,0,
2712,0.0403905,0,
2713,0.0382665,0,
2714,0.0371418,0,
2715,0.0376121,0,
2716,0.0381646,0,
2717,0.0382508,0,
2718,0.0384193,0,
2719,0.0382352,0,
2720,0.0379491,0,
2721,0.0383214,0,
2722,0.0384624,0,
2723,0.0384115,0,
2724,0.039062,0,
2725,0.0390894,0,
2726,0.0403787,0,
2727,0.0433805,0,
2728,0.0464449,0,
2729,0.0520409,0,
2730,0.0581267,0,
2731,0.0608071,0,
2732,0.0655214,0,
2733,0.0684486,0,
2734,0.0693852,0,
2735,0.0710899,0,
2736,0.073398,0,
2737,0.0738918,0,
2738,0.0754162,0,
2739,0.0771639,0,
2740,0.0777596,0,
2741,0.0790253,0,
2742,0.0793898,0,
2743,0.0796092,0,
2744,0.0799737,0,
2745,0.0804439,0,
2746,0.081259,0,
2747,0.084151,0,
2748,0.0860908,0,
2749,0.0865767,0,
2750,0.0855265,0,
2751,0.0856911,0,
2752,0.0854364,0,
2753,0.0861457,0,
2754,0.0864984,0,
2755,0.0867452,0,
2756,0.08729,0,
2757,0.0871058,0,
2758,0.0878229,0,
2759,0.0895001,0,
2760,0.0880776,0,
2761,0.0884813,0,
2762,0.0886184,0,
2763,0.0893081,0,
2764,0.0901781,0,
2765,0.0911342,0,
2766,0.0915496,0,
2767,0.0916946,0,
2768,0.0920003,0,
2769,0.0921218,0,
2770,0.0924666,0,
2771,0.0931367,0,
2772,0.0943359,0,
2773,0.0945357,0,
2774,0.0944299,0,
2775,0.0945318,0,
2776,0.0947395,0,
2777,0.0948531,0,
2778,0.0957544,0,
2779,0.0961071,0,
2780,0.0978196,0,
2781,0.0990187,0,
2782,0.0994067,0,
2783,0.0986896,0,
2784,0.0986935,0,
2785,0.0991637,0,
2786,0.0990266,0,
2787,0.0980861,0,
2788,0.0985054,0,
2789,0.099536,0,
2790,0.0997398,0,
2791,0.100065,0,
2792,0.100143,0,
2793,0.100061,0,
2794,0.0995909,0,
2795,0.0994968,0,
2796,0.0997672,0,
2797,0.0999828,0,
2798,0.100571,0,
2799,0.101143,0,
2800,0.101589,0,
2801,0.102557,0,
2802,0.102205,0,
2803,0.102628,0,
2804,0.102455,0,
2805,0.103525,0,
2806,0.103329,0,
2807,0.103992,0,
2808,0.103839,0,
2809,0.103467,0,
2810,0.101695,0,
2811,0.102256,0,
2812,0.102679,0,
2813,0.103702,0,
2814,0.103968,0,
2815,0.104113,0,
2816,0.104078,0,
2817,0.103588,0,
2818,0.104031,0,
2819,0.104466,0,
2820,0.105014,0,
2821,0.10523,0,
2822,0.105426,0,
2823,0.104928,0,
2824,0.10492,0,
2825,0.104677,0,
2826,0.104556,0,
2827,0.104721,0,
2828,0.104603,0,
2829,0.104642,0,
2830,0.104826,0,
2831,0.104971,0,
2832,0.105226,0,
2833,0.105155,0,
2834,0.105391,0,
2835,0.104654,0,
2836,0.104924,0,
2837,0.105116,0,
2838,0.105579,0,
2839,0.105367,0,
2840,0.10494,0,
2841,0.104717,0,
2842,0.104431,0,
2843,0.103917,0,
2844,0.10405,0,
2845,0.104325,0,
2846,0.10425,0,
2847,0.104818,0,
2848,0.104732,0,
2849,0.105261,0,
2850,0.105391,0,
2851,0.105144,0,
2852,0.105355,0,
2853,0.105179,0,
2854,0.105293,0,
2855,0.1055,0,
2856,0.10541,0,
2857,0.10563,0,
2858,0.105508,0,
2859,0.105735,0,
2860,0.103553,0,
2861,0.103706,0,
2862,0.104074,0,
2863,0.104184,0,
2864,0.105124,0,
2865,0.105833,0,
2866,0.105939,0,
2867,0.106229,0,
2868,0.106829,0,
2869,0.10735,0,
2870,0.107754,0,
2871,0.108193,0,
2872,0.108357,0,
2873,0.10833,0,
2874,0.107887,0,
2875,0.107746,0,
2876,0.107295,0,
2877,0.106598,0,
2878,0.106817,0,
2879,0.108655,0,
2880,0.110889,0,
2881,0.111825,0,
2882,0.113444,0,
2883,0.114451,0,
2884,0.11514,0,
2885,0.113702,0,
2886,0.115454,0,
2887,0.115967,0,
2888,0.116222,0,
2889,0.117519,0,
2890,0.117633,0,
2891,0.117652,0,
2892,0.116978,0,
2893,0.117092,0,
2894,0.11554,0,
2895,0.115172,0,
2896,0.115442,0,
2897,0.115795,0,
2898,0.115501,0,
2899,0.115952,0,
2900,0.115274,0,
2901,0.11496,0,
2902,0.11469,0,
2903,0.113933,0,
2904,0.113404,0,
2905,0.113275,0,
2906,0.113491,0,
2907,0.114482,0,
2908,0.114541,0,
2909,0.113871,0,
2910,0.11315,0,
2911,0.113165,0,
2912,0.112797,0,
2913,0.112887,0,
2914,0.112766,0,
2915,0.112989,0,
2916,0.112523,0,
2917,0.112209,0,
2918,0.111574,0,
2919,0.111359,0,
2920,0.111406,0,
2921,0.111931,0,
2922,0.112668,0,
2923,0.112523,0,
2924,0.112625,0,
2925,0.111939,0,
2926,0.111896,0,
2927,0.111574,0,
2928,0.112033,0,
2929,0.112389,0,
2930,0.114549,0,
2931,0.115642,0,
2932,0.116018,0,
2933,0.117084,0,
2934,0.117002,0,
2935,0.115234,0,
2936,0.11518,0,
2937,0.115105,0,
2938,0.115556,0,
2939,0.116426,0,
2940,0.116704,0,
2941,0.117288,0,
2942,0.118855,0,
2943,0.120356,0,
2944,0.121454,0,
2945,0.124428,0,
2946,0.128456,0,
2947,0.130043,0,
2948,0.133523,0,
2949,0.13658,0,
2950,0.138751,0,
2951,0.142168,0,
2952,0.144382,0,
2953,0.145131,0,
2954,0.148144,0,
2955,0.152412,0,
2956,0.154422,0,
2957,0.158795,0,
2958,0.163498,0,
2959,0.166546,0,
2960,0.173816,0,
2961,0.178197,0,
2962,0.180184,0,
2963,0.184694,0,
2964,0.188958,0,
2965,0.191058,0,
2966,0.195055,0,
2967,0.200111,0,
2968,0.202795,0,
2969,0.20756,0,
2970,0.211228,0,
2971,0.213889,0,
2972,0.219183,0,
2973,0.223474,0,
2974,0.225759,0,
2975,0.230128,0,
2976,0.233757,0,
2977,0.23543,0,
2978,0.23909,0,
2979,0.241328,0,
2980,0.242652,0,
2981,0.248303,0,
2982,0.253104,0,
2983,0.25542,0,
2984,0.259766,0,
2985,0.270166,0,
2986,0.271522,0,
2987,0.274363,0,
2988,0.279167,0,
2989,0.283153,0,
2990,0.289281,0,
2991,0.296868,0,
2992,0.301089,0,
2993,0.307218,0,
2994,0.312708,0,
2995,0.315271,0,
2996,0.320941,0,
2997,0.329092,0,
2998,0.333211,0,
2999,0.339551,0,
3000,0.348294,0,
3001,0.352154,0,
3002,0.359443,0,
3003,0.364647,0,
3004,0.367519,0,
3005,0.372084,0,
3006,0.378245,0,
3007,0.382606,0,
3008,0.386556,0,
3009,0.391533,0,
3010,0.39803,0,
3011,0.403078,0,
3012,0.40896,0,
3013,0.41146,0,
3014,0.430764,0,
3015,0.441199,0,
3016,0.446227,0,
3017,0.455487,0,
3018,0.463662,0,
3019,0.468474,0,
3020,0.474947,0,
3021,0.480571,0,
3022,0.482511,0,
3023,0.487828,0,
3024,0.491387,0,
3025,0.493146,0,
3026,0.493844,0,
3027,0.495725,0,
3028,0.497727,0,
3029,0.500169,0,
3030,0.501387,0,
3031,0.501716,0,
3032,0.501426,0,
3033,0.502457,0,
3034,0.501771,0,
3035,0.505153,0,
3036,0.508135,0,
3037,0.508041,0,
3038,0.511137,0,
3039,0.491132,0,
3040,0.489823,0,
3041,0.488796,0,
3042,0.488161,0,
3043,0.487354,0,
3044,0.487797,0,
3045,0.487958,0,
3046,0.488244,0,
3047,0.488808,0,
3048,0.48927,0,
3049,0.487174,0,
3050,0.485007,0,
3051,0.484012,0,
3052,0.482734,0,
3053,0.482683,0,
3054,0.481746,0,
3055,0.481127,0,
3056,0.481347,0,
3057,0.484415,0,
3058,0.486778,0,
3059,0.492405,0,
3060,0.493793,0,
3061,0.495968,0,
3062,0.499275,0,
3063,0.502916,0,
3064,0.503774,0,
3065,0.503978,0,
3066,0.506152,0,
3067,0.506744,0,
3068,0.509197,0,
3069,0.51098,0,
3070,0.511619,0,
3071,0.513629,0,
3072,0.514801,0,
3073,0.515361,0,
3074,0.514868,0,
3075,0.517047,0,
3076,0.518218,0,
3077,0.518473,0,
3078,0.517646,0,
3079,0.518061,0,
3080,0.519084,0,
3081,0.523074,0,
3082,0.523669,0,
3083,0.527439,0,
3084,0.530841,0,
3085,0.530249,0,
3086,0.53269,0,
3087,0.534908,0,
3088,0.537389,0,
3089,0.541198,0,
3090,0.544031,0,
3091,0.545297,0,
3092,0.546296,0,
3093,0.547233,0,
3094,0.546962,0,
3095,0.546167,0,
3096,0.543306,0,
3097,0.541993,0,
3098,0.538419,0,
3099,0.537353,0,
3100,0.536609,0,
3101,0.534042,0,
3102,0.531632,0,
3103,0.530837,0,
3104,0.528842,0,
3105,0.527231,0,
3106,0.526103,0,
3107,0.524045,0,
3108,0.523344,0,
3109,0.523563,0,
3110,0.524273,0,
3111,0.522317,0,
3112,0.522098,0,
3113,0.522909,0,
3114,0.521702,0,
3115,0.520699,0,
3116,0.520115,0,
3117,0.51901,0,
3118,0.519167,0,
3119,0.518493,0,
3120,0.518183,0,
3121,0.517815,0,
3122,0.517505,0,
3123,0.517576,0,
3124,0.517599,0,
3125,0.517999,0,
3126,0.519143,0,
3127,0.519605,0,
3128,0.521518,0,
3129,0.524245,0,
3130,0.524786,0,
3131,0.526001,0,
3132,0.528027,0,
3133,0.529379,0,
3134,0.531456,0,
3135,0.535402,0,
3136,0.535069,0,
3137,0.535312,0,
3138,0.536617,0,
3139,0.536801,0,
3140,0.537385,0,
3141,0.539136,0,
3142,0.539336,0,
3143,0.540794,0,
3144,0.542385,0,
3145,0.542742,0,
3146,0.54333,0,
3147,0.543565,0,
3148,0.54396,0,
3149,0.544164,0,
3150,0.543843,0,
3151,0.543553,0,
3152,0.543921,0,
3153,0.544274,0,
3154,0.544129,0,
3155,0.544266,0,
3156,0.54429,0,
3157,0.5438,0,
3158,0.54389,0,
3159,0.543768,0,
3160,0.542644,0,
3161,0.542781,0,
3162,0.542695,0,
3163,0.543247,0,
3164,0.543212,0,
3165,0.54304,0,
3166,0.542891,0,
3167,0.542953,0,
3168,0.542213,0,
3169,0.542401,0,
3170,0.542032,0,
3171,0.541958,0,
3172,0.541531,0,
3173,0.541213,0,
3174,0.540927,0,
3175,0.540829,0,
3176,0.540916,0,
3177,0.541425,0,
3178,0.541233,0,
3179,0.541437,0,
3180,0.542855,0,
3181,0.542573,0,
3182,0.542271,0,
3183,0.544176,0,
3184,0.54572,0,
3185,0.549396,0,
3186,0.551516,0,
3187,0.552115,0,
3188,0.55362,0,
3189,0.554392,0,
3190,0.555685,0,
3191,0.556943,0,
3192,0.558044,0,
3193,0.558182,0,
3194,0.558503,0,
3195,0.558609,0,
3196,0.558193,0,
3197,0.557637,0,
3198,0.556986,0,
3199,0.556677,0,
3200,0.555944,0,
3201,0.556767,0,
3202,0.556293,0,
3203,0.556457,0,
3204,0.556293,0,
3205,0.555971,0,
3206,0.556591,0,
3207,0.556457,0,
3208,0.556081,0,
3209,0.556073,0,
3210,0.557402,0,
3211,0.557797,0,
3212,0.557292,0,
3213,0.557335,0,
3214,0.557649,0,
3215,0.557523,0,
3216,0.556939,0,
3217,0.556908,0,
3218,0.557104,0,
3219,0.556888,0,
3220,0.556524,0,
3221,0.556371,0,
3222,0.556344,0,
3223,0.556167,0,
3224,0.556116,0,
3225,0.556512,0,
3226,0.556304,0,
3227,0.556524,0,
3228,0.556218,0,
3229,0.556148,0,
3230,0.555587,0,
3231,0.55534,0,
3232,0.555062,0,
3233,0.554749,0,
3234,0.554553,0,
3235,0.554451,0,
3236,0.553381,0,
3237,0.553765,0,
3238,0.553479,0,
3239,0.553432,0,
3240,0.553248,0,
3241,0.55333,0,
3242,0.553099,0,
3243,0.553181,0,
3244,0.553032,0,
3245,0.553044,0,
3246,0.552601,0,
3247,0.552785,0,
3248,0.553068,0,
3249,0.553295,0,
3250,0.552582,0,
3251,0.552174,0,
3252,0.552421,0,
3253,0.552319,0,
3254,0.552053,0,
3255,0.551876,0,
3256,0.551857,0,
3257,0.551853,0,
3258,0.552401,0,
3259,0.552883,0,
3260,0.555,0,
3261,0.554036,0,
3262,0.553926,0,
3263,0.554996,0,
3264,0.555152,0,
3265,0.554443,0,
3266,0.553894,0,
3267,0.553726,0,
3268,0.553992,0,
3269,0.554686,0,
3270,0.554933,0,
3271,0.554921,0,
3272,0.555148,0,
3273,0.555568,0,
3274,0.555713,0,
3275,0.556085,0,
3276,0.556281,0,
3277,0.556269,0,
3278,0.555795,0,
3279,0.555591,0,
3280,0.555623,0,
3281,0.555309,0,
3282,0.555156,0,
3283,0.554909,0,
3284,0.554521,0,
3285,0.556246,0,
3286,0.555822,0,
3287,0.555866,0,
3288,0.55529,0,
3289,0.554686,0,
3290,0.554286,0,
3291,0.554431,0,
3292,0.554361,0,
3293,0.555145,0,
3294,0.554898,0,
3295,0.554259,0,
3296,0.554177,0,
3297,0.553934,0,
3298,0.553742,0,
3299,0.553738,0,
3300,0.552985,0,
3301,0.552793,0,
3302,0.552785,0,
3303,0.552785,0,
3304,0.552672,0,
3305,0.552676,0,
3306,0.552958,0,
3307,0.552919,0,
3308,0.553138,0,
3309,0.553561,0,
3310,0.553173,0,
3311,0.552484,0,
3312,0.551316,0,
3313,0.551124,0,
3314,0.551383,0,
3315,0.55143,0,
3316,0.551739,0,
3317,0.551563,0,
3318,0.551132,0,
3319,0.550093,0,
3320,0.550223,0,
3321,0.550019,0,
3322,0.549795,0,
3323,0.549619,0,
3324,0.550089,0,
3325,0.550712,0,
3326,0.550763,0,
3327,0.551049,0,
3328,0.550865,0,
3329,0.550489,0,
3330,0.550454,0,
3331,0.550603,0,
3332,0.550701,0,
3333,0.55074,0,
3334,0.550618,0,
3335,0.549282,0,
3336,0.549337,0,
3337,0.548894,0,
3338,0.548686,0,
3339,0.548138,0,
3340,0.548103,0,
3341,0.548153,0,
3342,0.54833,0,
3343,0.547954,0,
3344,0.547828,0,
3345,0.547323,0,
3346,0.547044,0,
3347,0.546398,0,
3348,0.545622,0,
3349,0.545708,0,
3350,0.545634,0,
3351,0.545916,0,
3352,0.546653,0,
3353,0.547793,0,
3354,0.548106,0,
3355,0.548416,0,
3356,0.548777,0,
3357,0.549513,0,
3358,0.549345,0,
3359,0.549282,0,
3360,0.551042,0,
3361,0.550462,0,
3362,0.550434,0,
3363,0.550054,0,
3364,0.549776,0,
3365,0.54956,0,
3366,0.549466,0,
3367,0.549176,0,
3368,0.548353,0,
3369,0.547084,0,
3370,0.5465,0,
3371,0.546284,0,
3372,0.546073,0,
3373,0.545971,0,
3374,0.545763,0,
3375,0.545316,0,
3376,0.545167,0,
3377,0.544721,0,
3378,0.544819,0,
3379,0.544846,0,
3380,0.544893,0,
3381,0.544772,0,
3382,0.54485,0,
3383,0.54483,0,
3384,0.544905,0,
3385,0.543447,0,
3386,0.543267,0,
3387,0.542946,0,
3388,0.54329,0,
3389,0.543224,0,
3390,0.543106,0,
3391,0.543435,0,
3392,0.542844,0,
3393,0.542589,0,
3394,0.542467,0,
3395,0.542295,0,
3396,0.541942,0,
3397,0.541962,0,
3398,0.542381,0,
3399,0.542867,0,
3400,0.543181,0,
3401,0.543561,0,
3402,0.544341,0,
3403,0.545211,0,
3404,0.546037,0,
3405,0.546598,0,
3406,0.546813,0,
3407,0.546966,0,
3408,0.547664,0,
3409,0.547675,0,
3410,0.549509,0,
3411,0.549658,0,
3412,0.549737,0,
3413,0.5496,0,
3414,0.549694,0,
3415,0.549588,0,
3416,0.54996,0,
3417,0.55005,0,
3418,0.550121,0,
3419,0.550023,0,
3420,0.549882,0,
3421,0.549893,0,
3422,0.549878,0,
3423,0.549756,0,
3424,0.549568,0,
3425,0.549458,0,
3426,0.549631,0,
3427,0.549788,0,
3428,0.549556,0,
3429,0.549882,0,
3430,0.549925,0,
3431,0.549842,0,
3432,0.549952,0,
3433,0.549792,0,
3434,0.549984,0,
3435,0.553538,0,
3436,0.553201,0,
3437,0.552985,0,
3438,0.553075,0,
3439,0.553052,0,
3440,0.553181,0,
3441,0.553338,0,
3442,0.553017,0,
3443,0.552825,0,
3444,0.552848,0,
3445,0.552903,0,
3446,0.553142,0,
3447,0.55324,0,
3448,0.553389,0,
3449,0.553467,0,
3450,0.553683,0,
3451,0.553561,0,
3452,0.553561,0,
3453,0.55373,0,
3454,0.55384,0,
3455,0.55355,0,
3456,0.553181,0,
3457,0.553205,0,
3458,0.553248,0,
3459,0.553111,0,
3460,0.55442,0,
3461,0.55449,0,
3462,0.554228,0,
3463,0.554153,0,
3464,0.554404,0,
3465,0.554275,0,
3466,0.553934,0,
3467,0.553542,0,
3468,0.552421,0,
3469,0.551978,0,
3470,0.551441,0,
3471,0.5513,0,
3472,0.550975,0,
3473,0.549878,0,
3474,0.549227,0,
3475,0.549086,0,
3476,0.549219,0,
3477,0.549212,0,
3478,0.549227,0,
3479,0.549388,0,
3480,0.549435,0,
3481,0.548886,0,
3482,0.548972,0,
3483,0.548918,0,
3484,0.548863,0,
3485,0.549059,0,
3486,0.548588,0,
3487,0.548679,0,
3488,0.549063,0,
3489,0.550164,0,
3490,0.551594,0,
3491,0.552472,0,
3492,0.553742,0,
3493,0.554737,0,
3494,0.556387,0,
3495,0.556767,0,
3496,0.557182,0,
3497,0.557331,0,
3498,0.557194,0,
3499,0.557237,0,
3500,0.556834,0,
3501,0.556281,0,
3502,0.555987,0,
3503,0.555548,0,
3504,0.55469,0,
3505,0.554753,0,
3506,0.553761,0,
3507,0.55228,0,
3508,0.552229,0,
3509,0.551226,0,
3510,0.550191,0,
3511,0.549823,0,
3512,0.549717,0,
3513,0.54918,0,
3514,0.549306,0,
3515,0.548165,0,
3516,0.548224,0,
3517,0.54824,0,
3518,0.548416,0,
3519,0.548561,0,
3520,0.548686,0,
3521,0.548251,0,
3522,0.54844,0,
3523,0.548506,0,
3524,0.548479,0,
3525,0.548338,0,
3526,0.548557,0,
3527,0.548244,0,
3528,0.548545,0,
3529,0.548643,0,
3530,0.548741,0,
3531,0.548663,0,
3532,0.548784,0,
3533,0.548526,0,
3534,0.548502,0,
3535,0.547162,0,
3536,0.547033,0,
3537,0.546876,0,
3538,0.546629,0,
3539,0.546582,0,
3540,0.54612,0,
3541,0.546163,0,
3542,0.546206,0,
3543,0.546417,0,
3544,0.546594,0,
3545,0.547566,0,
3546,0.548173,0,
3547,0.548828,0,
3548,0.549208,0,
3549,0.549725,0,
3550,0.550093,0,
3551,0.550595,0,
3552,0.550803,0,
3553,0.550701,0,
3554,0.551053,0,
3555,0.550963,0,
3556,0.551124,0,
3557,0.55103,0,
3558,0.551269,0,
3559,0.551484,0,
3560,0.551649,0,
3561,0.551759,0,
3562,0.551649,0,
3563,0.551539,0,
3564,0.551488,0,
3565,0.551516,0,
3566,0.551308,0,
3567,0.55168,0,
3568,0.551927,0,
3569,0.550579,0,
3570,0.550289,0,
3571,0.550097,0,
3572,0.550046,0,
3573,0.550081,0,
3574,0.550144,0,
3575,0.55027,0,
3576,0.550473,0,
3577,0.550861,0,
3578,0.55114,0,
3579,0.551124,0,
3580,0.551731,0,
3581,0.551759,0,
3582,0.55148,0,
3583,0.551767,0,
3584,0.551778,0,
3585,0.551727,0,
3586,0.551821,0,
3587,0.552104,0,
3588,0.55197,0,
3589,0.552111,0,
3590,0.551959,0,
3591,0.5521,0,
3592,0.551888,0,
3593,0.55168,0,
3594,0.551802,0,
3595,0.551551,0,
3596,0.551261,0,
3597,0.551249,0,
3598,0.550387,0,
3599,0.550262,0,
3600,0.550258,0,
3601,0.549756,0,
3602,0.54936,0,
3603,0.54938,0,
3604,0.549584,0,
3605,0.550097,0,
3606,0.550446,0,
3607,0.55139,0,
3608,0.551696,0,
3609,0.551586,0,
3610,0.552397,0,
3611,0.553346,0,
3612,0.55391,0,
3613,0.555086,0,
3614,0.555897,0,
3615,0.556665,0,
3616,0.557558,0,
3617,0.558252,0,
3618,0.559224,0,
3619,0.564122,0,
3620,0.566423,0,
3621,0.567061,0,
3622,0.567673,0,
3623,0.568582,0,
3624,0.56937,0,
3625,0.569487,0,
3626,0.569585,0,
3627,0.569891,0,
3628,0.569758,0,
3629,0.570114,0,
3630,0.570239,0,
3631,0.570537,0,
3632,0.571537,0,
3633,0.571505,0,
3634,0.572152,0,
3635,0.572877,0,
3636,0.573065,0,
3637,0.573664,0,
3638,0.573802,0,
3639,0.573853,0,
3640,0.574103,0,
3641,0.573821,0,
3642,0.573637,0,
3643,0.573582,0,
3644,0.569899,0,
3645,0.569205,0,
3646,0.569001,0,
3647,0.567665,0,
3648,0.567626,0,
3649,0.566775,0,
3650,0.567108,0,
3651,0.567136,0,
3652,0.567187,0,
3653,0.56694,0,
3654,0.566293,0,
3655,0.565086,0,
3656,0.564985,0,
3657,0.564949,0,
3658,0.564455,0,
3659,0.565,0,
3660,0.564985,0,
3661,0.564863,0,
3662,0.564028,0,
3663,0.56444,0,
3664,0.564334,0,
3665,0.564115,0,
3666,0.56422,0,
3667,0.563891,0,
3668,0.563143,0,
3669,0.561944,0,
3670,0.56219,0,
3671,0.561748,0,
3672,0.561262,0,
3673,0.560466,0,
3674,0.560023,0,
3675,0.561077,0,
3676,0.561109,0,
3677,0.560846,0,
3678,0.561877,0,
3679,0.561077,0,
3680,0.562151,0,
3681,0.562367,0,
3682,0.562853,0,
3683,0.562884,0,
3684,0.562943,0,
3685,0.562284,0,
3686,0.56335,0,
3687,0.562743,0,
3688,0.562978,0,
3689,0.562966,0,
3690,0.563053,0,
3691,0.56366,0,
3692,0.563923,0,
3693,0.563856,0,
3694,0.560353,0,
3695,0.560396,0,
3696,0.560505,0,
3697,0.560043,0,
3698,0.560588,0,
3699,0.560305,0,
3700,0.560337,0,
3701,0.561211,0,
3702,0.561258,0,
3703,0.561677,0,
3704,0.561861,0,
3705,0.560866,0,
3706,0.560701,0,
3707,0.560329,0,
3708,0.559886,0,
3709,0.559048,0,
3710,0.558338,0,
3711,0.557472,0,
3712,0.556853,0,
3713,0.556775,0,
3714,0.556316,0,
3715,0.556508,0,
3716,0.556391,0,
3717,0.556453,0,
3718,0.556022,0,
3719,0.554008,0,
3720,0.554032,0,
3721,0.553679,0,
3722,0.553941,0,
3723,0.554141,0,
3724,0.553244,0,
3725,0.553091,0,
3726,0.553099,0,
3727,0.553169,0,
3728,0.553311,0,
3729,0.552911,0,
3730,0.552691,0,
3731,0.553036,0,
3732,0.553079,0,
3733,0.55322,0,
3734,0.553201,0,
3735,0.55335,0,
3736,0.553381,0,
3737,0.553522,0,
3738,0.553346,0,
3739,0.553279,0,
3740,0.553267,0,
3741,0.552856,0,
3742,0.552676,0,
3743,0.552209,0,
3744,0.552554,0,
3745,0.55228,0,
3746,0.552166,0,
3747,0.551778,0,
3748,0.551629,0,
3749,0.551618,0,
3750,0.551316,0,
3751,0.551355,0,
3752,0.550932,0,
3753,0.550673,0,
3754,0.550183,0,
3755,0.550078,0,
3756,0.549345,0,
3757,0.548851,0,
3758,0.547044,0,
3759,0.547103,0,
3760,0.546555,0,
3761,0.544834,0,
3762,0.543373,0,
3763,0.542483,0,
3764,0.541147,0,
3765,0.540967,0,
3766,0.539521,0,
3767,0.539908,0,
3768,0.539466,0,
3769,0.537871,0,
3770,0.539027,0,
3771,0.538972,0,
3772,0.5401,0,
3773,0.540872,0,
3774,0.540825,0,
3775,0.541378,0,
3776,0.541641,0,
3777,0.541586,0,
3778,0.541997,0,
3779,0.542032,0,
3780,0.542326,0,
3781,0.542522,0,
3782,0.542777,0,
3783,0.542585,0,
3784,0.543141,0,
3785,0.54371,0,
3786,0.544168,0,
3787,0.544219,0,
3788,0.544827,0,
3789,0.545054,0,
3790,0.545403,0,
3791,0.545387,0,
3792,0.545595,0,
3793,0.545657,0,
3794,0.551394,0,
3795,0.55143,0,
3796,0.55083,0,
3797,0.55094,0,
3798,0.550227,0,
3799,0.549596,0,
3800,0.54869,0,
3801,0.548271,0,
3802,0.547679,0,
3803,0.546135,0,
3804,0.545218,0,
3805,0.544768,0,
3806,0.543682,0,
3807,0.543279,0,
3808,0.54293,0,
3809,0.542134,0,
3810,0.542365,0,
3811,0.543161,0,
3812,0.54293,0,
3813,0.542985,0,
3814,0.542475,0,
3815,0.542773,0,
3816,0.545211,0,
3817,0.545434,0,
3818,0.547472,0,
3819,0.564064,0,
3820,0.563872,0,
3821,0.564647,0,
3822,0.56569,0,
3823,0.566587,0,
3824,0.566948,0,
3825,0.567457,0,
3826,0.567536,0,
3827,0.567641,0,
3828,0.569009,0,
3829,0.569405,0,
3830,0.569534,0,
3831,0.570961,0,
3832,0.571149,0,
3833,0.571384,0,
3834,0.571497,0,
3835,0.571372,0,
3836,0.571807,0,
3837,0.571642,0,
3838,0.57187,0,
3839,0.572171,0,
3840,0.571874,0,
3841,0.572011,0,
3842,0.572532,0,
3843,0.572536,0,
3844,0.586988,0,
3845,0.586953,0,
3846,0.587596,0,
3847,0.587678,0,
3848,0.587537,0,
3849,0.588368,0,
3850,0.587368,0,
3851,0.587552,0,
3852,0.587513,0,
3853,0.587027,0,
3854,0.586251,0,
3855,0.585636,0,
3856,0.585119,0,
3857,0.584069,0,
3858,0.583167,0,
3859,0.582364,0,
3860,0.582921,0,
3861,0.582576,0,
3862,0.582682,0,
3863,0.582776,0,
3864,0.582787,0,
3865,0.582019,0,
3866,0.582309,0,
3867,0.582635,0,
3868,0.583269,0,
3869,0.584296,0,
3870,0.584402,0,
3871,0.585182,0,
3872,0.585342,0,
3873,0.584751,0,
3874,0.584978,0,
3875,0.585338,0,
3876,0.585252,0,
3877,0.585233,0,
3878,0.586012,0,
3879,0.58595,0,
3880,0.585989,0,
3881,0.585303,0,
3882,0.584574,0,
3883,0.583634,0,
3884,0.583387,0,
3885,0.583269,0,
3886,0.583054,0,
3887,0.582713,0,
3888,0.582544,0,
3889,0.582435,0,
3890,0.581494,0,
3891,0.581435,0,
3892,0.581134,0,
3893,0.581157,0,
3894,0.587114,0,
3895,0.586557,0,
3896,0.586377,0,
3897,0.586757,0,
3898,0.586432,0,
3899,0.587709,0,
3900,0.589618,0,
3901,0.591275,0,
3902,0.5895,0,
3903,0.589179,0,
3904,0.58769,0,
3905,0.587792,0,
3906,0.586173,0,
3907,0.585068,0,
3908,0.583896,0,
3909,0.582615,0,
3910,0.58323,0,
3911,0.582348,0,
3912,0.582305,0,
3913,0.581141,0,
3914,0.581028,0,
3915,0.580236,0,
3916,0.579511,0,
3917,0.579084,0,
3918,0.578798,0,
3919,0.57312,0,
3920,0.573159,0,
3921,0.573182,0,
3922,0.57457,0,
3923,0.574969,0,
3924,0.574656,0,
3925,0.573966,0,
3926,0.574546,0,
3927,0.574256,0,
3928,0.57419,0,
3929,0.574809,0,
3930,0.574824,0,
3931,0.575851,0,
3932,0.577654,0,
3933,0.577791,0,
3934,0.576948,0,
3935,0.577626,0,
3936,0.577971,0,
3937,0.578065,0,
3938,0.578061,0,
3939,0.577693,0,
3940,0.579166,0,
3941,0.581886,0,
3942,0.581149,0,
3943,0.584143,0,
3944,0.595363,0,
3945,0.596597,0,
3946,0.601237,0,
3947,0.600351,0,
3948,0.597486,0,
3949,0.594704,0,
3950,0.593736,0,
3951,0.593344,0,
3952,0.594254,0,
3953,0.59606,0,
3954,0.595202,0,
3955,0.596048,0,
3956,0.598548,0,
3957,0.600935,0,
3958,0.604046,0,
3959,0.609219,0,
3960,0.61043,0,
3961,0.608459,0,
3962,0.611923,0,
3963,0.614239,0,
3964,0.614227,0,
3965,0.620015,0,
3966,0.62315,0,
3967,0.626626,0,
3968,0.625937,0,
3969,0.636929,0,
3970,0.635769,0,
3971,0.636913,0,
3972,0.641133,0,
3973,0.636157,0,
3974,0.634033,0,
3975,0.63359,0,
3976,0.634013,0,
3977,0.632787,0,
3978,0.634013,0,
3979,0.638931,0,
3980,0.637826,0,
3981,0.635886,0,
3982,0.631266,0,
3983,0.621077,0,
3984,0.619627,0,
3985,0.618926,0,
3986,0.61697,0,
3987,0.614705,0,
3988,0.609478,0,
3989,0.602647,0,
3990,0.60168,0,
3991,0.598258,0,
3992,0.595668,0,
3993,0.596146,0,
3994,0.588473,0,
3995,0.591585,0,
3996,0.590809,0,
3997,0.591322,0,
3998,0.593231,0,
3999,0.59289,0,
4000,0.591369,0,
4001,0.591032,0,
4002,0.591761,0,
4003,0.589931,0,
4004,0.590323,0,
4005,0.589767,0,
4006,0.59164,0,
4007,0.593172,0,
4008,0.594763,0,
4009,0.59686,0,
4010,0.596793,0,
4011,0.596303,0,
4012,0.595547,0,
4013,0.592623,0,
4014,0.592572,0,
4015,0.593015,0,
4016,0.591514,0,
4017,0.592169,0,
4018,0.592329,0,
4019,0.596581,0,
4020,0.598607,0,
4021,0.601009,0,
4022,0.604066,0,
4023,0.604642,0,
4024,0.611539,0,
4025,0.613624,0,
4026,0.615101,0,
4027,0.618832,0,
4028,0.621262,0,
4029,0.619957,0,
4030,0.623997,0,
4031,0.620297,0,
4032,0.620819,0,
4033,0.619549,0,
4034,0.618064,0,
4035,0.615861,0,
4036,0.61418,0,
4037,0.609352,0,
4038,0.605955,0,
4039,0.606688,0,
4040,0.605763,0,
4041,0.604807,0,
4042,0.604478,0,
4043,0.602071,0,
4044,0.60048,0,
4045,0.59686,0,
4046,0.598701,0,
4047,0.601586,0,
4048,0.603608,0,
4049,0.604282,0,
4050,0.602401,0,
4051,0.603576,0,
4052,0.598349,0,
4053,0.598255,0,
4054,0.598392,0,
4055,0.599728,0,
4056,0.59923,0,
4057,0.597052,0,
4058,0.591119,0,
4059,0.594559,0,
4060,0.596189,0,
4061,0.596358,0,
4062,0.597722,0,
4063,0.603369,0,
4064,0.605277,0,
4065,0.614737,0,
4066,0.616724,0,
4067,0.619431,0,
4068,0.624886,0,
4069,0.638206,0,
4070,0.634252,0,
4071,0.636172,0,
4072,0.637105,0,
4073,0.634938,0,
4074,0.638508,0,
4075,0.641423,0,
4076,0.641702,0,
4077,0.642779,0,
4078,0.643391,0,
4079,0.643786,0,
4080,0.643963,0,
4081,0.648399,0,
4082,0.648512,0,
4083,0.651212,0,
4084,0.652525,0,
4085,0.649712,0,
4086,0.64999,0,
4087,0.647012,0,
4088,0.647016,0,
4089,0.646639,0,
4090,0.644037,0,
4091,0.640996,0,
4092,0.642129,0,
4093,0.640318,0,
4094,0.634844,0,
4095,0.631924,0,
4096,0.632986,0,
4097,0.632826,0,
4098,0.629244,0,
4099,0.6306,0,
4100,0.629236,0,
4101,0.630831,0,
4102,0.629926,0,
4103,0.625858,0,
4104,0.628805,0,
4105,0.626387,0,
4106,0.625635,0,
4107,0.625995,0,
4108,0.622841,0,
4109,0.620964,0,
4110,0.61409,0,
4111,0.611602,0,
4112,0.610552,0,
4113,0.603239,0,
4114,0.602934,0,
4115,0.603149,0,
4116,0.603815,0,
4117,0.603909,0,
4118,0.606645,0,
4119,0.618032,0,
4120,0.617511,0,
4121,0.616857,0,
4122,0.616806,0,
4123,0.61643,0,
4124,0.615466,0,
4125,0.61447,0,
4126,0.613796,0,
4127,0.614239,0,
4128,0.614478,0,
4129,0.616543,0,
4130,0.620791,0,
4131,0.619522,0,
4132,0.619283,0,
4133,0.61824,0,
4134,0.618236,0,
4135,0.61862,0,
4136,0.619475,0,
4137,0.614149,0,
4138,0.613318,0,
4139,0.611433,0,
4140,0.612021,0,
4141,0.611429,0,
4142,0.611496,0,
4143,0.610458,0,
4144,0.631666,0,
4145,0.628464,0,
4146,0.624867,0,
4147,0.624091,0,
4148,0.625121,0,
4149,0.623209,0,
4150,0.622139,0,
4151,0.622131,0,
4152,0.622151,0,
4153,0.619819,0,
4154,0.621838,0,
4155,0.622104,0,
4156,0.621747,0,
4157,0.623354,0,
4158,0.625984,0,
4159,0.624965,0,
4160,0.625082,0,
4161,0.622907,0,
4162,0.623264,0,
4163,0.623382,0,
4164,0.62393,0,
4165,0.623899,0,
4166,0.625929,0,
4167,0.626117,0,
4168,0.626603,0,
4169,0.627132,0,
4170,0.628594,0,
4171,0.628452,0,
4172,0.629855,0,
4173,0.631352,0,
4174,0.63569,0,
4175,0.63627,0,
4176,0.638637,0,
4177,0.64198,0,
4178,0.642967,0,
4179,0.645252,0,
4180,0.649951,0,
4181,0.651855,0,
4182,0.655692,0,
4183,0.660884,0,
4184,0.664481,0,
4185,0.670414,0,
4186,0.67708,0,
4187,0.679494,0,
4188,0.684196,0,
4189,0.690333,0,
4190,0.694001,0,
4191,0.69857,0,
4192,0.701619,0,
4193,0.702211,0,
4194,0.708861,0,
4195,0.710342,0,
4196,0.715637,0,
4197,0.720562,0,
4198,0.723388,0,
4199,0.724485,0,
4200,0.730963,0,
4201,0.732287,0,
4202,0.733467,0,
4203,0.737899,0,
4204,0.739243,0,
4205,0.739952,0,
4206,0.742029,0,
4207,0.741226,0,
4208,0.744279,0,
4209,0.745446,0,
4210,0.749491,0,
4211,0.747974,0,
4212,0.749161,0,
4213,0.749009,0,
4214,0.750125,0,
4215,0.750157,0,
4216,0.754757,0,
4217,0.755823,0,
4218,0.758127,0,
4219,0.75529,0,
4220,0.75685,0,
4221,0.759417,0,
4222,0.761709,0,
4223,0.763363,0,
4224,0.766968,0,
4225,0.769829,0,
4226,0.771823,0,
4227,0.775613,0,
4228,0.776189,0,
4229,0.780409,0,
4230,0.782827,0,
4231,0.784505,0,
4232,0.783654,0,
4233,0.786429,0,
4234,0.788298,0,
4235,0.789983,0,
4236,0.793235,0,
4237,0.798561,0,
4238,0.798612,0,
4239,0.785931,0,
4240,0.783047,0,
4241,0.781789,0,
4242,0.754299,0,
4243,0.740842,0,
4244,0.730959,0,
4245,0.730144,0,
4246,0.727463,0,
4247,0.726593,0,
4248,0.682594,0,
4249,0.677785,0,
4250,0.677229,0,
4251,0.67407,0,
4252,0.67284,0,
4253,0.671374,0,
4254,0.624299,0,
4255,0.628135,0,
4256,0.627355,0,
4257,0.630173,0,
4258,0.634017,0,
4259,0.634566,0,
4260,0.607448,0,
4261,0.610556,0,
4262,0.608255,0,
4263,0.60938,0,
4264,0.611539,0,
4265,0.609572,0,
4266,0.608784,0,
4267,0.611284,0,
4268,0.610802,0,
4269,0.611171,0,
4270,0.613408,0,
4271,0.617323,0,
4272,0.619141,0,
4273,0.621183,0,
4274,0.624126,0,
4275,0.627947,0,
4276,0.632614,0,
4277,0.63377,0,
4278,0.640079,0,
4279,0.64508,0,
4280,0.648038,0,
4281,0.649198,0,
4282,0.648077,0,
4283,0.644852,0,
4284,0.647474,0,
4285,0.651824,0,
4286,0.651792,0,
4287,0.650672,0,
4288,0.651024,0,
4289,0.649782,0,
4290,0.650633,0,
4291,0.653748,0,
4292,0.630784,0,
4293,0.632524,0,
4294,0.635749,0,
4295,0.638104,0,
4296,0.6391,0,
4297,0.642109,0,
4298,0.642434,0,
4299,0.639339,0,
4300,0.639817,0,
4301,0.639852,0,
4302,0.644143,0,
4303,0.642376,0,
4304,0.643928,0,
4305,0.646212,0,
4306,0.649378,0,
4307,0.649335,0,
4308,0.645123,0,
4309,0.643912,0,
4310,0.642642,0,
4311,0.643242,0,
4312,0.642047,0,
4313,0.641447,0,
4314,0.636474,0,
4315,0.635165,0,
4316,0.634233,0,
4317,0.614702,0,
4318,0.610826,0,
4319,0.606813,0,
4320,0.60541,0,
4321,0.604877,0,
4322,0.594771,0,
4323,0.591675,0,
4324,0.583281,0,
4325,0.580691,0,
4326,0.57609,0,
4327,0.562578,0,
4328,0.561148,0,
4329,0.558993,0,
4330,0.553894,0,
4331,0.551606,0,
4332,0.546041,0,
4333,0.542248,0,
4334,0.541021,0,
4335,0.539144,0,
4336,0.533294,0,
4337,0.530958,0,
4338,0.52867,0,
4339,0.526299,0,
4340,0.526589,0,
4341,0.525284,0,
4342,0.524986,0,
4343,0.525887,0,
4344,0.512787,0,
4345,0.513637,0,
4346,0.514813,0,
4347,0.513214,0,
4348,0.516047,0,
4349,0.516572,0,
4350,0.520558,0,
4351,0.524441,0,
4352,0.52265,0,
4353,0.519719,0,
4354,0.518477,0,
4355,0.517313,0,
4356,0.519135,0,
4357,0.515456,0,
4358,0.513112,0,
4359,0.511987,0,
4360,0.510287,0,
4361,0.508994,0,
4362,0.508077,0,
4363,0.50886,0,
4364,0.505678,0,
4365,0.505306,0,
4366,0.503695,0,
4367,0.501011,0,
4368,0.499353,0,
4369,0.496783,0,
4370,0.494275,0,
4371,0.497214,0,
4372,0.498965,0,
4373,0.49817,0,
4374,0.497363,0,
4375,0.495423,0,
4376,0.495497,0,
4377,0.49786,0,
4378,0.49643,0,
4379,0.495729,0,
4380,0.496802,0,
4381,0.497617,0,
4382,0.496497,0,
4383,0.500533,0,
4384,0.500937,0,
4385,0.501591,0,
4386,0.504028,0,
4387,0.500603,0,
4388,0.501281,0,
4389,0.49904,0,
4390,0.496085,0,
4391,0.496787,0,
4392,0.494549,0,
4393,0.48766,0,
4394,0.487582,0,
4395,0.482832,0,
4396,0.477338,0,
4397,0.474313,0,
4398,0.468807,0,
4399,0.460871,0,
4400,0.457662,0,
4401,0.450761,0,
4402,0.445702,0,
4403,0.441634,0,
4404,0.435051,0,
4405,0.429533,0,
4406,0.425266,0,
4407,0.419987,0,
4408,0.413208,0,
4409,0.412784,0,
4410,0.410778,0,
4411,0.406299,0,
4412,0.405445,0,
4413,0.408956,0,
4414,0.409936,0,
4415,0.412914,0,
4416,0.420794,0,
4417,0.423028,0,
4418,0.424407,0,
4419,0.427934,0,
4420,0.436626,0,
4421,0.438162,0,
4422,0.438613,0,
4423,0.443382,0,
4424,0.444934,0,
4425,0.446501,0,
4426,0.441423,0,
4427,0.441446,0,
4428,0.438781,0,
4429,0.43721,0,
4430,0.437057,0,
4431,0.432582,0,
4432,0.430619,0,
4433,0.428906,0,
4434,0.424247,0,
4435,0.418514,0,
4436,0.416151,0,
4437,0.41293,0,
4438,0.411111,0,
4439,0.406401,0,
4440,0.404398,0,
4441,0.40251,0,
4442,0.401655,0,
4443,0.401158,0,
4444,0.40374,0,
4445,0.405817,0,
4446,0.411295,0,
4447,0.415014,0,
4448,0.418561,0,
4449,0.421033,0,
4450,0.427088,0,
4451,0.428597,0,
4452,0.431935,0,
4453,0.433577,0,
4454,0.43489,0,
4455,0.437586,0,
4456,0.438531,0,
4457,0.440216,0,
4458,0.439459,0,
4459,0.440357,0,
4460,0.438021,0,
4461,0.439632,0,
4462,0.436128,0,
4463,0.435211,0,
4464,0.434831,0,
4465,0.435145,0,
4466,0.433448,0,
4467,0.433738,0,
4468,0.436469,0,
4469,0.427268,0,
4470,0.435666,0,
4471,0.440674,0,
4472,0.442057,0,
4473,0.444836,0,
4474,0.44957,0,
4475,0.439036,0,
4476,0.435164,0,
4477,0.433037,0,
4478,0.41501,0,
4479,0.413172,0,
4480,0.413592,0,
4481,0.413498,0,
4482,0.401879,0,
4483,0.395758,0,
4484,0.395401,0,
4485,0.39613,0,
4486,0.387003,0,
4487,0.387262,0,
4488,0.383029,0,
4489,0.386114,0,
4490,0.384883,0,
4491,0.38533,0,
4492,0.38515,0,
4493,0.385545,0,
4494,0.38118,0,
4495,0.389421,0,
4496,0.393391,0,
4497,0.401663,0,
4498,0.40633,0,
4499,0.409046,0,
4500,0.417703,0,
4501,0.423569,0,
4502,0.427766,0,
4503,0.445385,0,
4504,0.453598,0,
4505,0.457823,0,
4506,0.475919,0,
4507,0.481355,0,
4508,0.485387,0,
4509,0.505514,0,
4510,0.510055,0,
4511,0.512191,0,
4512,0.529747,0,
4513,0.537161,0,
4514,0.542072,0,
4515,0.563915,0,
4516,0.57377,0,
4517,0.577666,0,
4518,0.576886,0,
4519,0.587458,0,
4520,0.584468,0,
4521,0.582407,0,
4522,0.583979,0,
4523,0.581008,0,
4524,0.60387,0,
4525,0.60476,0,
4526,0.606715,0,
4527,0.610802,0,
4528,0.637795,0,
4529,0.64305,0,
4530,0.651326,0,
4531,0.649571,0,
4532,0.652662,0,
4533,0.657298,0,
4534,0.659426,0,
4535,0.65633,0,
4536,0.654285,0,
4537,0.652173,0,
4538,0.649053,0,
4539,0.643865,0,
4540,0.633606,0,
4541,0.634495,0,
4542,0.62933,0,
4543,0.624663,0,
4544,0.617092,0,
4545,0.608796,0,
4546,0.601683,0,
4547,0.59633,0,
4548,0.593748,0,
4549,0.592396,0,
4550,0.589629,0,
4551,0.582619,0,
4552,0.580714,0,
4553,0.577763,0,
4554,0.570788,0,
4555,0.564487,0,
4556,0.562002,0,
4557,0.519002,0,
4558,0.514593,0,
4559,0.512399,0,
4560,0.503237,0,
4561,0.497512,0,
4562,0.493644,0,
4563,0.488632,0,
4564,0.466961,0,
4565,0.464053,0,
4566,0.456859,0,
4567,0.456678,0,
4568,0.455252,0,
4569,0.455068,0,
4570,0.440592,0,
4571,0.437962,0,
4572,0.437194,0,
4573,0.439597,0,
4574,0.440478,0,
4575,0.440631,0,
4576,0.440933,0,
4577,0.439412,0,
4578,0.435121,0,
4579,0.427927,0,
4580,0.424662,0,
4581,0.41715,0,
4582,0.416233,0,
4583,0.41659,0,
4584,0.417467,0,
4585,0.415696,0,
4586,0.417025,0,
4587,0.415829,0,
4588,0.416025,0,
4589,0.413188,0,
4590,0.412436,0,
4591,0.418976,0,
4592,0.420211,0,
4593,0.421041,0,
4594,0.419713,0,
4595,0.422033,0,
4596,0.425152,0,
4597,0.428816,0,
4598,0.428314,0,
4599,0.427876,0,
4600,0.424886,0,
4601,0.424517,0,
4602,0.421527,0,
4603,0.422558,0,
4604,0.424094,0,
4605,0.419423,0,
4606,0.413921,0,
4607,0.41293,0,
4608,0.411589,0,
4609,0.412103,0,
4610,0.410598,0,
4611,0.40463,0,
4612,0.399347,0,
4613,0.397784,0,
4614,0.395738,0,
4615,0.389613,0,
4616,0.387458,0,
4617,0.384323,0,
4618,0.378719,0,
4619,0.373182,0,
4620,0.364976,0,
4621,0.360716,0,
4622,0.357887,0,
4623,0.340543,0,
4624,0.331396,0,
4625,0.327783,0,
4626,0.321564,0,
4627,0.317724,0,
4628,0.316979,0,
4629,0.319158,0,
4630,0.3237,0,
4631,0.326255,0,
4632,0.327603,0,
4633,0.328132,0,
4634,0.326372,0,
4635,0.322853,0,
4636,0.320863,0,
4637,0.321893,0,
4638,0.331815,0,
4639,0.336118,0,
4640,0.340695,0,
4641,0.346812,0,
4642,0.347295,0,
4643,0.350292,0,
4644,0.351484,0,
4645,0.358976,0,
4646,0.360066,0,
4647,0.364302,0,
4648,0.368514,0,
4649,0.369647,0,
4650,0.37714,0,
4651,0.378276,0,
4652,0.381203,0,
4653,0.384856,0,
4654,0.384479,0,
4655,0.383774,0,
4656,0.387763,0,
4657,0.391184,0,
4658,0.390891,0,
4659,0.381928,0,
4660,0.37808,0,
4661,0.37482,0,
4662,0.37036,0,
4663,0.364964,0,
4664,0.363271,0,
4665,0.361147,0,
4666,0.356257,0,
4667,0.358012,0,
4668,0.35329,0,
4669,0.349027,0,
4670,0.347843,0,
4671,0.341671,0,
4672,0.331408,0,
4673,0.326839,0,
4674,0.315839,0,
4675,0.295128,0,
4676,0.291315,0,
4677,0.27963,0,
4678,0.269123,0,
4679,0.257379,0,
4680,0.249585,0,
4681,0.247896,0,
4682,0.247371,0,
4683,0.246853,0,
4684,0.239196,0,
4685,0.238675,0,
4686,0.239976,0,
4687,0.240246,0,
4688,0.240662,0,
4689,0.237789,0,
4690,0.237973,0,
4691,0.236857,0,
4692,0.235928,0,
4693,0.234106,0,
4694,0.232036,0,
4695,0.231531,0,
4696,0.231343,0,
4697,0.23052,0,
4698,0.23092,0,
4699,0.231119,0,
4700,0.230485,0,
4701,0.233479,0,
4702,0.238283,0,
4703,0.237856,0,
4704,0.236194,0,
4705,0.2386,0,
4706,0.241586,0,
4707,0.244957,0,
4708,0.249326,0,
4709,0.250737,0,
4710,0.257783,0,
4711,0.266012,0,
4712,0.270981,0,
4713,0.280084,0,
4714,0.288086,0,
4715,0.292036,0,
4716,0.301108,0,
4717,0.319005,0,
4718,0.322262,0,
4719,0.330558,0,
4720,0.331059,0,
4721,0.332619,0,
4722,0.331714,0,
4723,0.332058,0,
4724,0.331941,0,
4725,0.331808,0,
4726,0.333904,0,
4727,0.335817,0,
4728,0.339026,0,
4729,0.334813,0,
4730,0.33517,0,
4731,0.33707,0,
4732,0.340006,0,
4733,0.340335,0,
4734,0.340256,0,
4735,0.339434,0,
4736,0.338814,0,
4737,0.336063,0,
4738,0.332435,0,
4739,0.332705,0,
4740,0.330197,0,
4741,0.329586,0,
4742,0.330781,0,
4743,0.328324,0,
4744,0.325158,0,
4745,0.317379,0,
4746,0.310631,0,
4747,0.302409,0,
4748,0.301222,0,
4749,0.290782,0,
4750,0.283905,0,
4751,0.281785,0,
4752,0.273677,0,
4753,0.267893,0,
4754,0.266702,0,
4755,0.260153,0,
4756,0.253887,0,
4757,0.251646,0,
4758,0.241116,0,
4759,0.231743,0,
4760,0.224755,0,
4761,0.213799,0,
4762,0.204037,0,
4763,0.199593,0,
4764,0.190419,0,
4765,0.182382,0,
4766,0.18016,0,
4767,0.174862,0,
4768,0.168729,0,
4769,0.164873,0,
4770,0.158752,0,
4771,0.153336,0,
4772,0.152318,0,
4773,0.148642,0,
4774,0.143152,0,
4775,0.139946,0,
4776,0.131615,0,
4777,0.123315,0,
4778,0.120791,0,
4779,0.113753,0,
4780,0.107193,0,
4781,0.10438,0,
4782,0.097702,0,
4783,0.091965,0,
4784,0.0886929,0,
4785,0.0838846,0,
4786,0.0796014,0,
4787,0.0762352,0,
4788,0.0686015,0,
4789,0.062692,0,
4790,0.0583305,0,
4791,0.0512885,0,
4792,0.0438507,0,
4793,0.0405825,0,
4794,0.035253,0,
4795,0.030574,0,
4796,0.0282345,0,
4797,0.0231284,0,
4798,0.0187786,0,
4799,0.0162549,0,
4800,0.0114075,0,
4801,0.00688915,0,
4802,0.00438115,0,
4803,0.0010032,0,
4804,0,0,
4805,0,0,
4806,0,0,
4807,0,0,
4808,0,0,
4809,0,0,
4810,0,0,
4811,0,0,
4812,0,0,
4813,0,0,
4814,0,0,
4815,0,0,
4816,0,0,
4817,0,0,
4818,0,0,
4819,0,0,
4820,0,0,
4821,0,0,
4822,0,0,
4823,0,0,
4824,0,0,
4825,0,0,
4826,0,0,
4827,0,0,
4828,3.91874e-06,0,
4829,0,0,
4830,0,0,
4831,0,0,
4832,0,0,
4833,0.00146169,0,
4834,0.00148128,0,
4835,0.00140291,0,
4836,0.00142642,0,
4837,0.00143034,0,
4838,0.00164587,0,
4839,0.00183005,0,
4840,0.00177911,0,
4841,0.00172425,0,
4842,0.00184181,0,
4843,0.00189275,0,
4844,0.00224936,0,
4845,0.00219058,0,
4846,0.0021749,0,
4847,0.00219449,0,
4848,0.00228854,0,
4849,0.00219841,0,
4850,0.00213571,0,
4851,0.00226895,0,
4852,0.00228071,0,
4853,0.00234341,0,
4854,0.00266083,0,
4855,0.00270001,0,
4856,0.00265299,0,
4857,0.00276271,0,
4858,0.00269609,0,
4859,0.00257069,0,
4860,0.00253151,0,
4861,0.00247664,0,
4862,0.00248448,0,
4863,0.00231206,0,
4864,0.00222584,0,
4865,0.00195545,0,
4866,0.00191626,0,
4867,0.00185356,0,
4868,0.00195545,0,
4869,0.00205342,0,
4870,0.00187316,0,
4871,0.0019437,0,
4872,0.00170465,0,
4873,0.00174776,0,
4874,0.00159885,0,
4875,0.00163412,0,
4876,0.00164979,0,
4877,0.00159493,0,
4878,0.00159493,0,
4879,0.00154007,0,
4880,0.00132062,0,
4881,0.0014852,0,
4882,0.00148912,0,
4883,0.00144993,0,
4884,0.00155966,0,
4885,0.00148128,0,
4886,0.00167722,0,
4887,0.00157533,0,
4888,0.00149304,0,
4889,0.00136764,0,
4890,0.00147345,0,
4891,0.00150088,0,
4892,0.00129318,0,
4893,0.00117562,0,
4894,0.00109333,0,
4895,0.00105806,0,
4896,0.00093266,0,
4897,0.000709292,0,
4898,0.00049768,0,
4899,0.000305662,0,
4900,0.000305662,0,
4901,0.000246881,0,
4902,0.000195937,0,
4903,0.000160668,0,
4904,0.0001254,0,
4905,0.000129318,0,
4906,0.000129318,0,
4907,9.40498e-05,0,
4908,0,0,
4909,7.83748e-06,0,
4910,0,0,
4911,0,0,
4912,0,0,
4913,0,0,
4914,0,0,
4915,0,0,
4916,0.00616026,0,
4917,0.014711,0,
4918,0.0187473,0,
4919,0.0240415,0,
4920,0.0276271,0,
4921,0.0289164,0,
4922,0.0306563,0,
4923,0.0328939,0,
4924,0.0340108,0,
4925,0.0382665,0,
4926,0.0460217,0,
4927,0.0515589,0,
4928,0.0616849,0,
4929,0.0696556,0,
4930,0.074025,0,
4931,0.0806085,0,
4932,0.0831126,0,
4933,0.0844136,0,
4934,0.0857656,0,
4935,0.0868902,0,
4936,0.0871606,0,
4937,0.0877876,0,
4938,0.0884381,0,
4939,0.0893826,0,
4940,0.0915065,0,
4941,0.0923569,0,
4942,0.0947591,0,
4943,0.0977608,0,
4944,0.0999318,0,
4945,0.100159,0,
4946,0.102949,0,
4947,0.105857,0,
4948,0.105837,0,
4949,0.107381,0,
4950,0.105916,0,
4951,0.105916,0,
4952,0.105144,0,
4953,0.101346,0,
4954,0.0996928,0,
4955,0.0957192,0,
4956,0.0929055,0,
4957,0.0923804,0,
4958,0.0884891,0,
4959,0.0867609,0,
4960,0.0858674,0,
4961,0.0840296,0,
4962,0.0816901,0,
4963,0.0804713,0,
4964,0.0789156,0,
4965,0.0800364,0,
4966,0.0810474,0,
4967,0.0818194,0,
4968,0.0840178,0,
4969,0.0839277,0,
4970,0.0844058,0,
4971,0.0841706,0,
4972,0.0864709,0,
4973,0.0915614,0,
4974,0.0942183,0,
4975,0.0960562,0,
4976,0.0978588,0,
4977,0.0977922,0,
4978,0.0970006,0,
4979,0.0936657,0,
4980,0.0905464,0,
4981,0.0891357,0,
4982,0.085695,0,
4983,0.0804439,0,
4984,0.0800364,0,
4985,0.0790645,0,
4986,0.0768465,0,
4987,0.076439,0,
4988,0.0743934,0,
4989,0.0741112,0,
4990,0.0752555,0,
4991,0.0755024,0,
4992,0.0763567,0,
4993,0.0768034,0,
4994,0.0766506,0,
4995,0.0790214,0,
4996,0.0794486,0,
4997,0.0809142,0,
4998,0.0819252,0,
4999,0.0817136,0,
5000,0.0831674,0,
5001,0.0834849,0,
5002,0.0834535,0,
5003,0.0862397,0,
5004,0.0851542,0,
5005,0.0833712,0,
5006,0.0817175,0,
5007,0.0793271,0,
5008,0.0788098,0,
5009,0.0784258,0,
5010,0.077403,0,
5011,0.0770189,0,
5012,0.0763567,0,
5013,0.074413,0,
5014,0.0718932,0,
5015,0.0652706,0,
5016,0.0612891,0,
5017,0.057386,0,
5018,0.0514962,0,
5019,0.0490156,0,
5020,0.0481966,0,
5021,0.0450107,0,
5022,0.0407784,0,
5023,0.0390463,0,
5024,0.0346142,0,
5025,0.031201,0,
5026,0.0301312,0,
5027,0.0264006,0,
5028,0.0238808,0,
5029,0.0232264,0,
5030,0.0222937,0,
5031,0.0202991,0,
5032,0.0190216,0,
5033,0.0159336,0,
5034,0.0140134,0,
5035,0.0132062,0,
5036,0.0119561,0,
5037,0.0123911,0,
5038,0.0123597,0,
5039,0.0129828,0,
5040,0.0132062,0,
5041,0.0134021,0,
5042,0.0134961,0,
5043,0.0141035,0,
5044,0.0140996,0,
5045,0.0149422,0,
5046,0.0168506,0,
5047,0.0181085,0,
5048,0.0227444,0,
5049,0.0268982,0,
5050,0.0289125,0,
5051,0.0348807,0,
5052,0.0409156,0,
5053,0.0441603,0,
5054,0.0513277,0,
5055,0.0572058,0,
5056,0.0605524,0,
5057,0.0653019,0,
5058,0.0759726,0,
5059,0.0796837,0,
5060,0.0850798,0,
5061,0.0902525,0,
5062,0.0950608,0,
5063,0.102812,0,
5064,0.110446,0,
5065,0.115023,0,
5066,0.120235,0,
5067,0.125615,0,
5068,0.128237,0,
5069,0.137301,0,
5070,0.14709,0,
5071,0.151765,0,
5072,0.155723,0,
5073,0.160288,0,
5074,0.162726,0,
5075,0.168083,0,
5076,0.172378,0,
5077,0.174588,0,
5078,0.178244,0,
5079,0.175951,0,
5080,0.174709,0,
5081,0.173357,0,
5082,0.170834,0,
5083,0.168043,0,
5084,0.165108,0,
5085,0.158909,0,
5086,0.157949,0,
5087,0.151922,0,
5088,0.142062,0,
5089,0.139029,0,
5090,0.135612,0,
5091,0.128546,0,
5092,0.125008,0,
5093,0.123099,0,
5094,0.118957,0,
5095,0.116649,0,
5096,0.11235,0,
5097,0.113808,0,
5098,0.114137,0,
5099,0.110128,0,
5100,0.104866,0,
5101,0.103286,0,
5102,0.09925,0,
5103,0.0944808,0,
5104,0.0931641,0,
5105,0.0860791,0,
5106,0.0776107,0,
5107,0.0740995,0,
5108,0.0664814,0,
5109,0.054784,0,
5110,0.0520997,0,
5111,0.0498033,0,
5112,0.0484709,0,
5113,0.0489607,0,
5114,0.0494232,0,
5115,0.0514296,0,
5116,0.0508457,0,
5117,0.0500933,0,
5118,0.0485297,0,
5119,0.0471346,0,
5120,0.0426281,0,
5121,0.0396067,0,
5122,0.0383096,0,
5123,0.0362444,0,
5124,0.0315145,0,
5125,0.0297589,0,
5126,0.0251387,0,
5127,0.0198288,0,
5128,0.0172503,0,
5129,0.0116387,0,
5130,0.00565082,0,
5131,0.00331525,0,
5132,0.000219449,0,
5133,0,0,
5134,0,0,
5135,0,0,
5136,0,0,
5137,0,0,
5138,0,0,
5139,0,0,
5140,0,0,
5141,0,0,
5142,0,0,
5143,0,0,
5144,0,0,
5145,0,0,
5146,0,0,
5147,0,0,
5148,0,0,
5149,0,0,
5150,0,0,
5151,0,0,
5152,0,0,
5153,0,0,
5154,0,0,
5155,0,0,
5156,0,0,
5157,0,0,
5158,0,0,
5159,0,0,
5160,0,0,
5161,0,0,
5162,0,0,
5163,0,0,
5164,0,0,
5165,0,0,
5166,0,0,
5167,0,0,
5168,0,0,
5169,0,0,
5170,0,0,
5171,0,0,
5172,0,0,
5173,0,0,
5174,0,0,
5175,0,0,
5176,0,0,
5177,0,0,
5178,0,0,
5179,0,0,
5180,0,0,
5181,0,0,
5182,0,0,
5183,0,0,
5184,0,0,
5185,0,0,
5186,0,0,
5187,0,0,
5188,0,0,
5189,0,0,
5190,0,0,
5191,0,0,
5192,0,0,
5193,0,0,
5194,0,0,
5195,0,0,
5196,0,0,
5197,0,0,
5198,0,0,
5199,0,0,
5200,0,0,
5201,0,0,
5202,0,0,
5203,0,0,
5204,0,0,
5205,0,0,
5206,0,0,
5207,0,0,
5208,0,0,
5209,0,0,
5210,0,0,
5211,0,0,
5212,0,0,
5213,0,0,
5214,0,0,
5215,0,0,
5216,0,0,
5217,0,0,
5218,0,0,
5219,0,0,
5220,0,0,
5221,0,0,
5222,0,0,
5223,0,0,
5224,0,0,
5225,0,0,
5226,0,0,
5227,0,0,
5228,0,0,
5229,0,0,
5230,0,0,
5231,0,0,
5232,0,0,
5233,0,0,
5234,0,0,
5235,0,0,
5236,0,0,
5237,0,0,
5238,0,0,
5239,0,0,
5240,0,0,
5241,0,0,
5242,0,0,
5243,0,0,
5244,0,0,
5245,0,0,
5246,0,0,
5247,0,0,
5248,0,0,
5249,0,0,
5250,0,0,
5251,0,0,
5252,0,0,
5253,0,0,
5254,0,0,
5255,0,0,
5256,0,0,
5257,0.00702238,0,
5258,0.0111606,0,
5259,0.019437,0,
5260,0.0274704,0,
5261,0.0302958,0,
5262,0.0365423,0,
5263,0.0417032,0,
5264,0.0433099,0,
5265,0.0453359,0,
5266,0.0471934,0,
5267,0.0480163,0,
5268,0.0502108,0,
5269,0.0517548,0,
5270,0.0526836,0,
5271,0.0536868,0,
5272,0.0543059,0,
5273,0.0544078,0,
5274,0.0557754,0,
5275,0.0569236,0,
5276,0.0576721,0,
5277,0.0584715,0,
5278,0.0592788,0,
5279,0.0596667,0,
5280,0.0603055,0,
5281,0.0604623,0,
5282,0.0607914,0,
5283,0.0615869,0,
5284,0.062018,0,
5285,0.0624647,0,
5286,0.062065,0,
5287,0.0628331,0,
5288,0.0643771,0,
5289,0.0709488,0,
5290,0.0772031,0,
5291,0.0806046,0,
5292,0.0881129,0,
5293,0.093799,0,
5294,0.0950216,0,
5295,0.100504,0,
5296,0.106566,0,
5297,0.10833,0,
5298,0.111265,0,
5299,0.113883,0,
5300,0.115564,0,
5301,0.117903,0,
5302,0.121454,0,
5303,0.122265,0,
5304,0.123899,0,
5305,0.124761,0,
5306,0.125458,0,
5307,0.126015,0,
5308,0.127112,0,
5309,0.126756,0,
5310,0.128147,0,
5311,0.128033,0,
5312,0.129005,0,
5313,0.129264,0,
5314,0.129785,0,
5315,0.129365,0,
5316,0.129087,0,
5317,0.128523,0,
5318,0.127872,0,
5319,0.128374,0,
5320,0.12801,0,
5321,0.127963,0,
5322,0.127042,0,
5323,0.125631,0,
5324,0.124902,0,
5325,0.124436,0,
5326,0.124737,0,
5327,0.124369,0,
5328,0.127696,0,
5329,0.133194,0,
5330,0.135663,0,
5331,0.139707,0,
5332,0.141933,0,
5333,0.143167,0,
5334,0.146079,0,
5335,0.148418,0,
5336,0.14892,0,
5337,0.149339,0,
5338,0.150523,0,
5339,0.151232,0,
5340,0.152498,0,
5341,0.153415,0,
5342,0.154065,0,
5343,0.155778,0,
5344,0.156734,0,
5345,0.157455,0,
5346,0.157408,0,
5347,0.1582,0,
5348,0.159023,0,
5349,0.159512,0,
5350,0.163141,0,
5351,0.164822,0,
5352,0.169364,0,
5353,0.175544,0,
5354,0.178812,0,
5355,0.184992,0,
5356,0.190588,0,
5357,0.192269,0,
5358,0.197434,0,
5359,0.202336,0,
5360,0.204652,0,
5361,0.206964,0,
5362,0.205393,0,
5363,0.206373,0,
5364,0.206369,0,
5365,0.207137,0,
5366,0.20747,0,
5367,0.204159,0,
5368,0.204688,0,
5369,0.205283,0,
5370,0.206318,0,
5371,0.206522,0,
5372,0.207156,0,
5373,0.206815,0,
5374,0.208097,0,
5375,0.208454,0,
5376,0.209163,0,
5377,0.209402,0,
5378,0.208865,0,
5379,0.20939,0,
5380,0.210452,0,
5381,0.210307,0,
5382,0.210864,0,
5383,0.211263,0,
5384,0.211244,0,
5385,0.213497,0,
5386,0.217659,0,
5387,0.220026,0,
5388,0.22432,0,
5389,0.228082,0,
5390,0.228874,0,
5391,0.229709,0,
5392,0.232695,0,
5393,0.233537,0,
5394,0.236688,0,
5395,0.238988,0,
5396,0.240846,0,
5397,0.242919,0,
5398,0.243248,0,
5399,0.242942,0,
5400,0.243103,0,
5401,0.243256,0,
5402,0.243589,0,
5403,0.24422,0,
5404,0.24469,0,
5405,0.24489,0,
5406,0.246352,0,
5407,0.247758,0,
5408,0.249255,0,
5409,0.251046,0,
5410,0.252876,0,
5411,0.253476,0,
5412,0.255036,0,
5413,0.25676,0,
5414,0.25743,0,
5415,0.25879,0,
5416,0.265052,0,
5417,0.268179,0,
5418,0.27448,0,
5419,0.282541,0,
5420,0.285382,0,
5421,0.287589,0,
5422,0.290967,0,
5423,0.292436,0,
5424,0.293953,0,
5425,0.295696,0,
5426,0.29679,0,
5427,0.298918,0,
5428,0.299976,0,
5429,0.300085,0,
5430,0.302386,0,
5431,0.305215,0,
5432,0.306065,0,
5433,0.307147,0,
5434,0.308413,0,
5435,0.309189,0,
5436,0.311011,0,
5437,0.313687,0,
5438,0.315463,0,
5439,0.318829,0,
5440,0.32225,0,
5441,0.323759,0,
5442,0.326365,0,
5443,0.32888,0,
5444,0.3256,0,
5445,0.330044,0,
5446,0.330985,0,
5447,0.33196,0,
5448,0.334143,0,
5449,0.335538,0,
5450,0.336396,0,
5451,0.337423,0,
5452,0.337839,0,
5453,0.337051,0,
5454,0.335711,0,
5455,0.335601,0,
5456,0.335965,0,
5457,0.335041,0,
5458,0.335084,0,
5459,0.334892,0,
5460,0.333571,0,
5461,0.332948,0,
5462,0.332211,0,
5463,0.331165,0,
5464,0.329425,0,
5465,0.328661,0,
5466,0.326702,0,
5467,0.324824,0,
5468,0.324758,0,
5469,0.324781,0,
5470,0.323457,0,
5471,0.322747,0,
5472,0.321968,0,
5473,0.321274,0,
5474,0.321497,0,
5475,0.320863,0,
5476,0.32004,0,
5477,0.321031,0,
5478,0.322669,0,
5479,0.325495,0,
5480,0.327395,0,
5481,0.330714,0,
5482,0.334711,0,
5483,0.335648,0,
5484,0.339014,0,
5485,0.343035,0,
5486,0.345319,0,
5487,0.349814,0,
5488,0.354873,0,
5489,0.357424,0,
5490,0.360642,0,
5491,0.363812,0,
5492,0.366771,0,
5493,0.370587,0,
5494,0.379597,0,
5495,0.381113,0,
5496,0.383711,0,
5497,0.385467,0,
5498,0.388712,0,
5499,0.39176,0,
5500,0.395569,0,
5501,0.399947,0,
5502,0.403544,0,
5503,0.406483,0,
5504,0.407573,0,
5505,0.410343,0,
5506,0.415916,0,
5507,0.417883,0,
5508,0.420587,0,
5509,0.422123,0,
5510,0.423781,0,
5511,0.426947,0,
5512,0.427131,0,
5513,0.426955,0,
5514,0.427037,0,
5515,0.427205,0,
5516,0.426857,0,
5517,0.426367,0,
5518,0.427347,0,
5519,0.428377,0,
5520,0.431152,0,
5521,0.43411,0,
5522,0.434745,0,
5523,0.437629,0,
5524,0.440427,0,
5525,0.441783,0,
5526,0.444789,0,
5527,0.456357,0,
5528,0.459555,0,
5529,0.466577,0,
5530,0.472706,0,
5531,0.47628,0,
5532,0.48284,0,
5533,0.487895,0,
5534,0.490877,0,
5535,0.497034,0,
5536,0.502394,0,
5537,0.504973,0,
5538,0.509789,0,
5539,0.512285,0,
5540,0.515197,0,
5541,0.515746,0,
5542,0.517333,0,
5543,0.518798,0,
5544,0.525072,0,
5545,0.526534,0,
5546,0.527878,0,
5547,0.527819,0,
5548,0.528803,0,
5549,0.529716,0,
5550,0.52749,0,
5551,0.528321,0,
5552,0.529445,0,
5553,0.52952,0,
5554,0.529935,0,
5555,0.530311,0,
5556,0.531977,0,
5557,0.534089,0,
5558,0.535516,0,
5559,0.53724,0,
5560,0.539842,0,
5561,0.541159,0,
5562,0.541084,0,
5563,0.543612,0,
5564,0.544772,0,
5565,0.546997,0,
5566,0.550524,0,
5567,0.551821,0,
5568,0.553546,0,
5569,0.550078,0,
5570,0.550771,0,
5571,0.552586,0,
5572,0.554259,0,
5573,0.554149,0,
5574,0.55672,0,
5575,0.558526,0,
5576,0.559769,0,
5577,0.562069,0,
5578,0.564142,0,
5579,0.565412,0,
5580,0.567265,0,
5581,0.568057,0,
5582,0.569295,0,
5583,0.569875,0,
5584,0.571968,0,
5585,0.571619,0,
5586,0.575232,0,
5587,0.575291,0,
5588,0.575851,0,
5589,0.577419,0,
5590,0.577748,0,
5591,0.578006,0,
5592,0.578312,0,
5593,0.579025,0,
5594,0.578108,0,
5595,0.578994,0,
5596,0.578375,0,
5597,0.578191,0,
5598,0.578171,0,
5599,0.576913,0,
5600,0.575659,0,
5601,0.575373,0,
5602,0.57515,0,
5603,0.575205,0,
5604,0.574519,0,
5605,0.57486,0,
5606,0.575863,0,
5607,0.577532,0,
5608,0.577658,0,
5609,0.578151,0,
5610,0.5768,0,
5611,0.577152,0,
5612,0.576968,0,
5613,0.57602,0,
5614,0.575632,0,
5615,0.575459,0,
5616,0.575561,0,
5617,0.574962,0,
5618,0.574781,0,
5619,0.572093,0,
5620,0.571529,0,
5621,0.572407,0,
5622,0.571929,0,
5623,0.571129,0,
5624,0.571693,0,
5625,0.570819,0,
5626,0.570337,0,
5627,0.56982,0,
5628,0.56991,0,
5629,0.569797,0,
5630,0.569068,0,
5631,0.567547,0,
5632,0.56801,0,
5633,0.568151,0,
5634,0.568402,0,
5635,0.569154,0,
5636,0.569252,0,
5637,0.568797,0,
5638,0.568186,0,
5639,0.568072,0,
5640,0.568856,0,
5641,0.568598,0,
5642,0.567916,0,
5643,0.567116,0,
5644,0.582689,0,
5645,0.582595,0,
5646,0.582811,0,
5647,0.582972,0,
5648,0.582415,0,
5649,0.584578,0,
5650,0.58258,0,
5651,0.580475,0,
5652,0.579899,0,
5653,0.577791,0,
5654,0.576988,0,
5655,0.576803,0,
5656,0.575612,0,
5657,0.575267,0,
5658,0.574954,0,
5659,0.574993,0,
5660,0.574758,0,
5661,0.57647,0,
5662,0.576294,0,
5663,0.575769,0,
5664,0.577509,0,
5665,0.577509,0,
5666,0.578931,0,
5667,0.579108,0,
5668,0.579331,0,
5669,0.58642,0,
5670,0.586816,0,
5671,0.589531,0,
5672,0.589614,0,
5673,0.590158,0,
5674,0.590202,0,
5675,0.590362,0,
5676,0.590735,0,
5677,0.589449,0,
5678,0.588564,0,
5679,0.590754,0,
5680,0.58939,0,
5681,0.588912,0,
5682,0.588842,0,
5683,0.589371,0,
5684,0.588097,0,
5685,0.588207,0,
5686,0.588156,0,
5687,0.589222,0,
5688,0.587835,0,
5689,0.586679,0,
5690,0.586749,0,
5691,0.587752,0,
5692,0.58798,0,
5693,0.586969,0,
5694,0.597071,0,
5695,0.59635,0,
5696,0.596844,0,
5697,0.596084,0,
5698,0.596597,0,
5699,0.597514,0,
5700,0.619913,0,
5701,0.626634,0,
5702,0.629048,0,
5703,0.645828,0,
5704,0.654539,0,
5705,0.663725,0,
5706,0.666351,0,
5707,0.669105,0,
5708,0.669783,0,
5709,0.682002,0,
5710,0.718133,0,
5711,0.718909,0,
5712,0.723172,0,
5713,0.727757,0,
5714,0.72954,0,
5715,0.730798,0,
5716,0.732577,0,
5717,0.732789,0,
5718,0.73358,0,
5719,0.747124,0,
5720,0.746791,0,
5721,0.746689,0,
5722,0.746297,0,
5723,0.746285,0,
5724,0.746508,0,
5725,0.746559,0,
5726,0.746736,0,
5727,0.746583,0,
5728,0.746669,0,
5729,0.746704,0,
5730,0.746755,0,
5731,0.746845,0,
5732,0.74661,0,
5733,0.746438,0,
5734,0.74632,0,
5735,0.746281,0,
5736,0.746642,0,
5737,1.51712e-247,0,
